Soil Moisture,Temperature,Air Humidity,Pump Data
638,30.6,60,1
522,30.6,37,1
741,30.6,40,1
798,30.6,40,1
690,30.6,67,1
558,32.8,28,1
578,32.7,69,1
673,27,32,1
642,25,39,1
723,32.6,58,1
671,33.3,27,1
758,30.5,66,1
507,30.5,32,1
586,33.4,53,1
703,26,26,1
716,32.7,33,1
724,30.5,66,1
828,30.6,65,1
633,25,32,1
783,30.5,61,1
635,30.1,24,1
525,32.1,58,1
636,32.8,67,1
813,30.2,20,1
736,25,50,1
833,30.6,26,1
808,30.3,21,1
714,32.8,64,1
806,26,31,1
681,32.7,39,1
661,30.5,45,1
546,30.1,46,1
759,32.8,68,1
803,30,52,1
670,26,40,1
796,33.4,23,1
665,25,46,1
687,30.1,70,1
573,27,34,1
812,32.4,20,1
698,25,21,1
675,32.2,43,1
700,32.4,22,1
749,30.6,29,1
537,32.7,60,1
748,25,44,1
824,30.2,36,1
839,26,62,1
740,32.9,59,1
533,32.9,29,1
775,33.4,32,1
663,30.6,41,1
639,26,49,1
612,32.7,41,1
580,33.4,66,1
632,25,27,1
535,30.1,50,1
818,33.4,57,1
503,30.3,55,1
788,25,59,1
513,30.1,67,1
729,32.8,26,1
659,33.4,42,1
629,25,43,1
641,32.9,43,1
676,26,40,1
739,33.3,51,1
773,33.4,60,1
792,32.7,70,1
509,32.7,44,1
682,33.3,51,1
637,33.4,41,1
769,33.3,49,1
611,30.5,41,1
574,30.5,52,1
623,33.3,54,1
539,32.8,20,1
595,32.8,28,1
683,25,59,1
760,32.8,60,1
697,30.6,64,1
766,32.9,67,1
768,25,66,1
734,32.8,42,1
579,33.4,20,1
737,25,51,1
699,33.4,48,1
757,33.4,67,1
624,30.2,42,1
545,26,59,1
850,33.4,20,1
722,33.3,25,1
795,32.8,58,1
817,32.7,48,1
830,30.6,60,1
843,30.6,37,1
553,33.4,38,1
837,30.5,56,1
588,30.6,64,1
733,32.9,25,1
89,33.4,58,0
76,30.1,27,0
434,26,55,0
487,33.4,25,0
493,30.1,64,0
421,32.7,23,0
379,25,52,0
177,32.7,49,0
482,32.8,53,0
168,25,61,0
208,30.5,58,0
162,33.4,60,0
306,30.5,51,0
394,30.5,52,0
184,30.5,35,0
429,32.8,21,0
81,32.9,23,0
158,25,42,0
435,32.7,43,0
401,30.1,70,0
271,26,50,0
161,25,50,0
124,26,53,0
26,32.8,26,0
175,33.3,34,0
293,32.8,62,0
354,30.3,25,0
245,32.9,36,0
462,32.7,63,0
466,25,53,0
75,32.7,68,0
209,33.4,25,0
304,32.7,59,0
256,25,28,0
141,32.8,39,0
302,32.7,68,0
87,33.3,42,0
72,25,33,0
4,30.6,33,0
178,32.4,23,0
36,33.4,21,0
39,32.1,61,0
107,32.8,37,0
21,33.4,29,0
59,33.4,61,0
206,32.6,46,0
143,30.6,35,0
52,32.7,21,0
149,32.8,23,0
74,33.4,30,0
861,30.1,45,1
938,32.9,26,1
981,32.8,35,1
1019,30.6,60,1
876,33.4,46,1
1020,32.7,65,1
933,32.8,62,1
889,32.7,29,1
865,33.4,33,1
920,32.7,41,1
926,30.5,21,1
923,33.4,30,1
853,30.1,40,1
922,33.4,40,1
998,30.2,40,1
966,32.7,26,1
950,32.8,29,1
1001,33.4,23,1
930,32.8,61,1
999,32.9,20,1
873,32.8,49,1
969,33.4,65,1
881,30.6,70,1
896,32.7,66,1
857,33.4,64,1
1010,33.4,45,1
947,32.8,30,1
859,32.7,52,1
1005,32.9,46,1
937,33.4,62,1
893,32.8,34,1
872,32.7,62,1
878,33.4,50,1
883,32.7,52,1
888,30.5,41,1
1009,33.4,53,1
917,30.6,23,1
974,33.4,53,1
858,30.6,24,1
918,32.7,34,1
1021,33.4,38,1
986,32.8,66,1
968,32.8,29,1
1015,32.9,27,1
914,32.8,64,1
941,33.4,68,1
902,32.8,36,1
894,32.7,24,1
1022,33.4,53,1
979,32.8,28,1
1024,30.5,23,1
720,33.4,61,1
637,30.6,30,1
661,32.8,49,1
674,33.4,59,1
681,32.7,30,1
666,30.6,38,1
668,30.6,23,1
656,30.6,21,1
664,30.6,59,1
667,30.6,23,1
669,32.8,34,1
682,32.7,59,1
680,27,40,1
678,25,26,1
658,32.6,55,1
667,33.3,69,1
662,30.5,56,1
655,30.5,29,1
637,33.4,43,1
636,26,20,1
628,32.7,45,1
595,30.5,58,1
608,30.6,34,1
605,25,21,1
600,30.5,54,1
596,30.1,62,1
592,32.1,52,1
588,32.8,69,1
584,30.2,42,1
580,25,41,1
554,30.6,22,1
571,30.3,29,1
569,32.8,55,1
567,26,67,1
564,32.7,52,1
561,30.5,58,1
558,30.1,40,1
535,32.8,24,1
554,30,52,1
553,26,35,1
550,33.4,28,1
549,25,20,1
547,30.1,30,1
523,27,22,1
523,32.4,54,1
543,25,31,1
543,32.2,56,1
542,32.4,28,1
526,30.6,68,1
543,32.7,55,1
542,25,31,1
542,30.2,42,1
540,26,31,1
523,32.9,57,1
538,32.9,24,1
522,33.4,65,1
536,30.6,70,1
536,26,44,1
537,32.7,62,1
536,33.4,58,1
532,25,50,1
514,30.1,50,1
513,33.4,57,1
528,30.3,24,1
535,25,42,1
534,30.1,29,1
517,32.8,51,1
516,33.4,35,1
532,25,45,1
531,32.9,69,1
512,26,68,1
528,33.3,68,1
526,33.4,27,1
525,32.7,25,1
530,32.7,43,1
528,33.3,60,1
526,33.4,28,1
525,33.3,22,1
524,30.5,57,1
523,30.5,40,1
523,33.3,53,1
524,32.8,44,1
525,32.8,68,1
525,25,64,1
508,32.8,32,1
523,30.6,41,1
524,32.9,48,1
523,25,26,1
526,32.8,44,1
525,33.4,38,1
522,25,69,1
522,33.4,35,1
520,33.4,61,1
519,30.2,49,1
519,26,30,1
524,33.4,44,1
523,33.3,47,1
523,32.8,42,1
521,32.7,24,1
519,30.6,22,1
519,30.6,70,1
519,33.4,50,1
523,30.5,33,1
485,30.6,57,0
524,32.9,47,1
524,33.4,24,1
522,30.1,46,1
520,26,22,1
488,33.4,37,0
441,30.1,21,0
493,32.7,21,0
504,25,62,1
490,32.7,63,0
489,32.8,59,0
507,25,46,1
507,30.5,52,1
490,33.4,42,0
506,30.5,47,1
506,30.5,24,1
488,30.5,49,0
505,32.8,60,1
505,32.9,35,1
488,25,39,0
488,32.7,30,0
504,30.1,44,1
504,26,63,1
504,25,47,1
504,26,43,1
504,32.8,40,1
502,33.3,60,1
502,32.8,43,1
502,30.3,35,1
486,32.9,61,0
502,32.7,29,1
502,25,54,1
501,32.7,38,1
501,33.4,20,1
502,32.7,63,1
501,25,51,1
500,32.8,51,1
500,32.7,42,1
500,33.3,39,1
499,25,47,0
499,30.6,68,0
483,32.4,42,0
499,33.4,23,0
498,32.1,50,0
498,32.8,59,0
498,33.4,29,0
498,33.4,49,0
498,32.6,68,0
482,30.6,25,0
498,32.7,42,0
498,32.8,43,0
498,33.4,69,0
497,30.1,56,0
481,32.9,61,0
497,32.8,37,0
497,30.6,69,0
497,33.4,28,0
480,32.7,40,0
497,32.8,54,0
496,32.7,57,0
497,33.4,20,0
496,32.7,28,0
480,30.5,61,0
496,33.4,53,0
495,30.1,46,0
478,33.4,61,0
496,30.2,36,0
496,32.7,54,0
496,32.8,20,0
496,33.4,24,0
495,32.8,65,0
495,32.9,20,0
495,32.8,57,0
495,33.4,54,0
478,30.6,27,0
495,32.7,41,0
495,33.4,43,0
477,33.4,27,0
477,32.8,57,0
478,32.7,68,0
494,32.9,52,0
494,33.4,30,0
476,32.8,30,0
494,32.7,23,0
494,33.4,51,0
494,32.7,20,0
494,30.5,69,0
494,33.4,39,0
494,30.6,49,0
494,33.4,58,0
493,30.6,59,0
493,32.7,24,0
494,33.4,44,0
494,32.8,31,0
476,32.8,62,0
476,32.9,47,0
493,32.8,39,0
493,33.4,28,0
475,32.8,55,0
490,32.7,60,0
490,33.4,65,0
489,32.8,52,0
490,30.5,24,0
490,33.4,68,0
474,30.6,69,0
489,32.8,21,0
489,33.4,24,0
489,32.7,44,0
474,32.4,28,0
489,32.4,21,0
474,32.6,34,0
489,32.6,66,0
473,32.6,27,0
473,32.3,54,0
473,32.2,66,0
488,31.9,59,0
488,32.2,61,0
472,32.8,33,0
488,31.9,32,0
488,32.7,56,0
472,32.1,24,0
488,32.8,43,0
487,32.1,33,0
487,32.1,27,0
471,32.4,30,0
487,32.4,59,0
487,31.9,33,0
488,32.3,36,0
488,30.1,58,0
487,32.2,26,0
487,32.3,22,0
487,32.7,32,0
471,32.2,40,0
487,31.7,55,0
487,32.1,32,0
471,32.1,48,0
470,32.1,22,0
470,32.3,42,0
471,32.1,68,0
470,32.1,30,0
471,32.1,44,0
487,32.1,40,0
470,32.2,37,0
470,32.2,25,0
487,32.2,70,0
487,32.2,44,0
487,32.2,39,0
487,32.5,26,0
470,32.1,47,0
486,32.1,23,0
486,32.2,37,0
487,32.1,55,0
470,31.9,62,0
486,32.2,37,0
487,32.3,50,0
470,32.3,68,0
486,32.2,24,0
470,32.1,21,0
486,32.1,53,0
470,32.1,46,0
486,32.1,46,0
486,32.8,21,0
486,32.4,49,0
469,32.1,50,0
486,32,41,0
470,32.4,56,0
486,32.4,41,0
486,32.9,47,0
486,32.3,40,0
486,32.1,61,0
469,32.2,49,0
469,31.9,52,0
485,32.5,26,0
486,32.5,64,0
468,32.5,55,0
469,32.5,45,0
485,32.5,66,0
468,32.1,68,0
469,32.1,48,0
469,32.1,50,0
468,32.1,45,0
485,32.1,40,0
484,32.1,35,0
466,32.1,66,0
466,32.1,50,0
484,32.1,26,0
484,32.2,30,0
466,32.2,23,0
468,32.2,54,0
484,32.2,66,0
484,32.2,34,0
468,32.1,69,0
485,32.1,30,0
484,32.1,63,0
468,32.1,46,0
466,32.1,45,0
484,32.1,65,0
466,32.1,41,0
484,32.1,29,0
484,32.1,36,0
468,32.3,49,0
466,32.3,46,0
466,32.3,31,0
466,32.3,69,0
466,32.3,30,0
466,32.3,69,0
484,32.3,34,0
466,32.3,36,0
468,32.1,44,0
466,32.1,62,0
468,32.1,50,0
484,32.6,25,0
466,32.7,62,0
466,32.8,67,0
468,31.8,56,0
468,32.1,47,0
468,31.9,56,0
484,32.2,31,0
466,32.1,23,0
466,32.2,23,0
466,32.2,66,0
466,27,24,0
466,25,24,0
484,26,32,0
466,25,43,0
466,27,34,0
465,26,39,0
465,25,25,0
465,26,30,0
466,27,31,0
466,27,33,0
465,27,23,0
466,25,28,0
483,27,20,0
466,26,60,0
465,25,26,0
483,25,39,0
466,27,49,0
466,26,62,0
483,26,61,0
466,30.5,45,0
465,30.6,60,0
466,31.7,34,0
465,31.8,34,0
465,31.6,35,0
465,31.5,63,0
483,31.3,70,0
466,31.2,30,0
465,31,41,0
483,30.9,26,0
465,30.8,35,0
465,30.7,35,0
482,30.6,52,0
465,30.6,45,0
465,30.5,21,0
465,30.4,54,0
465,30.3,56,0
465,30.3,53,0
465,30.2,63,0
466,30.2,41,0
482,30.2,21,0
466,30.1,21,0
465,30.2,51,0
466,30.3,46,0
482,30.4,65,0
466,30.4,50,0
482,30.4,23,0
466,30.5,48,0
466,30.5,45,0
466,30.6,23,0
482,30.6,33,0
466,30.6,52,0
466,30.7,49,0
466,30.7,69,0
482,30.7,39,0
466,30.8,48,0
466,30.8,44,0
483,31.1,57,0
482,32.1,54,0
466,31.6,44,0
466,31.5,43,0
466,30.7,22,0
483,30.6,42,0
466,30.2,41,0
466,25,21,0
466,32.2,68,0
483,30.6,25,0
483,32.1,56,0
466,27,56,0
482,30.2,57,0
482,32.7,62,0
482,32.2,27,0
483,30.6,28,0
482,31.7,53,0
465,30.1,21,0
465,27,26,0
482,30.8,35,0
465,26,61,0
482,33,51,0
465,30.4,37,0
481,30.6,60,0
465,25,57,0
481,32.1,56,0
466,31.3,37,0
481,33.4,70,0
482,32.1,64,0
481,31.2,57,0
465,30.5,44,0
465,32.4,30,0
465,32.8,43,0
465,26,22,0
465,30.6,23,0
465,32.9,53,0
465,31.1,28,0
466,32.7,53,0
465,3.4,43,0
465,33.4,69,0
481,30,52,0
481,32.1,45,0
465,26,38,0
481,33.4,28,0
481,26,44,0
481,32.8,31,0
462,32.9,55,0
495,30.5,49,0
496,32.8,24,0
496,32.8,56,0
496,30.1,47,0
480,31.3,21,0
496,32.1,33,0
496,30.3,46,0
496,32.8,51,0
496,26,57,0
497,30.5,26,0
496,32.5,23,0
497,30.1,37,0
497,26,32,0
497,30.3,34,0
497,32.9,22,0
497,32.9,30,0
481,32.1,33,0
497,32.1,23,0
497,33.4,63,0
481,32.6,27,0
497,30.2,52,0
497,30.2,29,0
497,33.4,57,0
481,30.9,21,0
497,33.4,43,0
497,30.1,35,0
481,32.8,38,0
497,32.1,45,0
497,32.7,46,0
480,30.6,69,0
497,27,65,0
497,31.5,43,0
480,30.6,61,0
497,33.4,40,0
497,26,51,0
497,30.3,66,0
480,32.1,46,0
497,25,24,0
497,31.4,38,0
497,32.7,60,0
497,30.6,45,0
497,33.4,21,0
498,32.8,21,0
497,30.1,22,0
497,33.4,55,0
481,32.5,25,0
498,32.1,37,0
498,32.7,45,0
481,30.2,61,0
498,26,63,0
498,33.4,40,0
497,25,43,0
480,26,30,0
480,32.9,42,0
480,25,40,0
480,30.1,29,0
497,32.2,57,0
497,32.2,55,0
497,31.3,37,0
497,30.5,50,0
497,30.6,69,0
497,30.2,34,0
481,25,69,0
497,31.2,25,0
497,30.5,53,0
497,30.5,28,0
497,27,47,0
497,33.4,66,0
497,32.7,20,0
497,30.5,48,0
497,30.6,29,0
497,30.4,61,0
481,32.1,45,0
497,32.8,21,0
497,30.4,25,0
481,32.9,24,0
498,30.3,59,0
497,30.6,64,0
497,32.9,34,0
498,25,39,0
497,30,29,0
481,32.8,32,0
497,30.2,31,0
497,30.9,49,0
481,32.4,52,0
497,32.1,48,0
481,32.1,70,0
497,32.9,33,0
481,25,32,0
497,31.2,23,0
498,32.7,28,0
498,32.8,47,0
497,31.5,23,0
498,32.1,70,0
498,33.3,25,0
497,32.6,48,0
498,31.4,37,0
481,31.5,49,0
481,32.7,47,0
481,25,38,0
481,32.8,61,0
481,32.7,27,0
481,30.6,59,0
498,30.1,51,0
481,31.2,30,0
498,33.4,70,0
498,32.7,41,0
498,30.2,51,0
498,31.6,26,0
498,30.1,67,0
497,31.3,31,0
498,30.6,66,0
498,32.7,61,0
498,32.9,22,0
497,31.5,34,0
497,31.8,38,0
497,30.3,22,0
498,31.9,53,0
498,32.8,64,0
498,30.6,30,0
498,32.9,33,0
498,32.8,23,0
498,32.8,52,0
482,30.6,47,0
481,31.6,43,0
481,33.4,55,0
497,33.4,53,0
497,30.6,33,0
482,32.7,46,0
498,32.1,60,0
498,30.6,48,0
498,33.4,25,0
499,30.5,65,0
498,32.7,27,0
498,32.4,34,0
498,32.1,21,0
498,30.6,60,0
498,32.7,66,0
499,30.3,26,0
498,32.2,54,0
498,32.8,67,0
498,33.2,26,0
497,30.6,35,0
482,32.8,46,0
481,32.9,51,0
498,30.6,31,0
498,30.5,23,0
498,30,64,0
498,30.1,53,0
482,32.1,22,0
498,33.3,35,0
498,32.3,35,0
498,30.1,24,0
499,32.4,24,0
498,32.2,35,0
498,33.4,62,0
498,32.7,55,0
498,27,60,0
499,26,41,0
499,30.1,56,0
498,33.4,43,0
498,30.6,58,0
498,30.1,58,0
498,32.2,60,0
483,32.9,40,0
483,33.4,32,0
499,26,43,0
499,30.6,61,0
482,32.9,39,0
498,25,38,0
483,30.5,31,0
499,30.6,42,0
498,31.5,62,0
499,25,70,0
499,30.6,63,0
498,25,59,0
499,33.3,43,0
499,32.4,26,0
499,32.7,29,0
499,33.4,28,0
498,32.5,30,0
498,30.8,44,0
498,30.5,56,0
497,32.7,26,0
476,33.3,43,0
476,32.6,52,0
498,32.1,41,0
499,30.6,41,0
499,33.4,59,0
498,32.8,60,0
480,33.3,24,0
481,27,41,0
481,32.4,35,0
499,32.1,55,0
499,30,61,0
499,32.8,50,0
499,31.3,52,0
499,30.6,50,0
500,32.9,55,1
500,32.3,27,1
483,30.3,34,0
500,32.7,41,1
500,32.8,62,1
483,30.2,40,0
497,30.1,29,0
498,30.5,68,0
478,32.1,31,0
500,33.4,70,1
483,25,27,0
500,32.5,55,1
500,32.1,40,1
500,30.5,51,1
500,30.6,39,1
483,30.9,35,0
501,33.4,44,1
500,32.7,43,1
500,27,26,1
483,30.6,30,0
500,30.3,27,1
500,33.3,58,1
501,30.6,56,1
476,32.7,41,0
476,30.6,24,0
476,30,64,0
477,30.6,52,0
499,25,46,0
499,33.4,20,0
499,30.1,60,0
502,30.2,36,1
502,30.6,59,1
502,32.8,70,1
486,30.6,59,0
502,32.9,64,1
502,32.2,62,1
502,33.4,40,1
502,30.2,61,1
502,33.4,25,1
486,30.5,20,0
502,32.4,59,1
486,33.4,68,0
504,30.1,28,1
502,30.6,30,1
486,31.8,20,0
502,25,32,1
502,30.2,37,1
502,33.4,46,1
504,33.4,23,1
504,30.8,39,1
504,32.1,21,1
504,30.2,38,1
504,32.8,44,1
505,33.4,22,1
487,32.3,67,0
505,30.5,34,1
504,30.5,43,1
487,33.4,28,0
505,30.2,59,1
505,30.2,38,1
505,33.4,66,1
505,30.5,21,1
506,31.4,37,1
506,32.6,69,1
506,30.1,61,1
506,31.4,56,1
506,32.7,46,1
505,30,37,1
506,32.6,53,1
506,33.4,43,1
489,30.6,50,0
507,32.8,36,1
506,33.3,70,1
507,33.3,25,1
507,33.3,29,1
506,31.4,64,1
489,30.5,31,0
507,31.4,50,1
506,26,36,1
507,26,39,1
507,32.7,22,1
507,26,34,1
507,32.7,39,1
507,30.2,48,1
490,31.5,66,0
490,32.8,43,0
490,30.6,59,0
507,33.4,47,1
508,32.9,23,1
507,31.9,63,1
507,30.5,49,1
507,25,66,1
508,32.8,56,1
508,30.2,33,1
508,32.8,50,1
508,30.7,24,1
507,33.3,52,1
507,32.9,25,1
507,33.4,28,1
508,31.3,50,1
508,30.5,47,1
508,33.4,34,1
490,33.4,32,0
508,32.1,27,1
508,30.7,65,1
508,30.6,54,1
508,33.4,43,1
508,30.6,48,1
509,30.1,28,1
509,32.7,40,1
509,31.5,21,1
495,31.4,44,0
494,32.7,34,0
509,30,55,1
509,32.4,70,1
494,26,22,0
494,30.6,57,0
494,25,57,0
495,32.8,20,0
495,30.1,36,0
495,31.9,30,0
495,30.5,60,0
511,33.4,27,1
510,26,64,1
511,26,33,1
511,32.2,34,1
511,33.4,21,1
512,30.1,46,1
512,32.8,35,1
512,30.5,26,1
512,30.5,32,1
512,30.3,36,1
513,32.8,41,1
513,33.4,70,1
513,32.8,42,1
514,32.8,51,1
513,32.6,28,1
514,32.2,25,1
514,32.1,48,1
514,30.5,24,1
498,33.1,52,0
497,30.4,56,0
498,32.3,40,0
514,32.7,68,1
498,26,42,0
514,27,49,1
514,33.3,59,1
498,33.3,53,0
516,31.3,32,1
516,30.5,51,1
499,31.3,32,0
516,30.6,42,1
516,32.8,64,1
516,30.5,28,1
516,25,51,1
516,30.1,52,1
516,32.8,55,1
516,32.7,20,1
516,30.6,20,1
500,30.6,37,1
517,32.1,40,1
500,32.7,40,1
500,32.5,65,1
500,33.4,33,1
517,33.4,25,1
517,32.9,64,1
500,33.4,42,1
501,30.5,41,1
501,33.3,28,1
501,32.4,39,1
501,30,60,1
501,33.4,28,1
519,31.9,48,1
518,30.5,44,1
518,30.3,41,1
518,32.2,20,1
519,25,48,1
504,32.7,31,1
520,33.4,58,1
521,27,60,1
521,32.7,28,1
499,30.1,59,0
492,33.4,69,0
492,30.5,22,0
508,31.5,69,1
493,33.4,25,0
494,32.8,59,0
494,32.7,20,0
511,30.5,44,1
496,32.1,32,0
512,32.7,31,1
496,33.4,58,0
497,32.4,54,0
513,30.5,70,1
496,32.3,46,0
513,30.2,40,1
513,32.9,44,1
497,30.2,47,0
497,33.4,59,0
498,30.7,44,0
498,30.5,25,0
499,32.1,26,0
516,30.2,43,1
499,31.2,64,0
499,32.8,43,0
500,30.1,49,1
499,30.6,35,0
500,30.5,59,1
501,32.1,20,1
501,32.2,60,1
501,30.5,31,1
501,30.5,45,1
502,32.9,44,1
501,32.7,38,1
502,27,20,1
502,32.1,31,1
502,30.6,45,1
502,30.5,47,1
502,32.8,58,1
504,30.5,67,1
504,32.8,38,1
520,33.4,27,1
521,32.2,41,1
501,33.4,58,1
505,33.4,57,1
505,32.2,37,1
505,30.1,34,1
522,30.5,27,1
505,32.1,38,1
522,26,39,1
506,32.7,70,1
523,31.5,53,1
506,31.2,45,1
507,32.2,45,1
524,33.4,52,1
524,30.6,24,1
507,32.1,61,1
508,25,37,1
508,32.7,39,1
525,32.7,55,1
525,30.3,58,1
508,30.4,45,1
509,33.4,25,1
509,30.6,60,1
526,32.8,60,1
526,26,55,1
509,33.3,43,1
509,33.4,34,1
509,25,25,1
526,32.7,53,1
510,33.4,40,1
528,32.7,21,1
511,30.6,44,1
528,32.7,68,1
528,31.3,58,1
512,32.7,21,1
512,32.8,20,1
529,32.7,50,1
530,32.7,31,1
513,32.7,41,1
530,30.2,52,1
513,32.7,66,1
513,31.3,43,1
513,32.4,23,1
514,25,42,1
514,30.6,28,1
514,33.4,54,1
514,30.1,52,1
513,32.8,55,1
514,30.5,49,1
516,30.6,51,1
516,25,66,1
516,30.1,63,1
533,32.8,65,1
517,30.6,54,1
517,30.5,61,1
517,32.8,62,1
517,32.8,46,1
518,33.4,56,1
518,33.4,65,1
535,30.5,59,1
519,33.4,20,1
519,32.8,60,1
519,30.5,64,1
519,32,58,1
520,32.1,66,1
519,30.6,67,1
536,32.8,23,1
536,30.6,21,1
520,30.6,34,1
520,32.1,68,1
520,32.4,38,1
520,33.4,68,1
521,30.6,51,1
522,32.7,29,1
522,30.7,63,1
520,33.4,28,1
521,31.7,61,1
522,32.7,44,1
522,32.9,67,1
522,32.7,41,1
522,30.6,21,1
541,32.6,22,1
541,30.6,39,1
541,32.8,56,1
523,30.5,45,1
524,25,53,1
523,32.8,57,1
525,33.4,55,1
542,25,35,1
525,33.3,60,1
543,31.3,34,1
526,33.4,68,1
526,31,21,1
526,30.1,24,1
528,32,70,1
526,32.2,34,1
528,30.6,34,1
528,30.6,31,1
528,25,45,1
528,32.8,24,1
528,33.4,60,1
528,33.4,64,1
545,33.4,54,1
529,33.4,31,1
545,30.1,64,1
529,32.8,30,1
546,32.7,32,1
546,30.7,69,1
545,32.7,42,1
529,33.3,47,1
546,32.6,55,1
530,32.7,41,1
531,30.1,46,1
546,27,29,1
531,25,50,1
531,30.1,57,1
531,32.5,60,1
532,32.1,63,1
532,31.3,70,1
532,30.5,45,1
532,32.1,41,1
547,32.2,29,1
532,30.3,50,1
547,32.1,53,1
532,32.4,66,1
547,33.4,37,1
547,30.1,25,1
548,32.3,49,1
533,32.8,51,1
549,32.8,46,1
534,31.5,40,1
549,29,56,1
549,32.8,68,1
534,25,31,1
550,33.4,31,1
533,32.1,22,1
534,32.1,55,1
534,32.8,64,1
535,33.4,63,1
552,32.7,32,1
534,33.4,53,1
535,33.4,48,1
535,26,49,1
535,31.5,57,1
535,31.2,70,1
535,32.1,61,1
535,32.8,29,1
535,32.8,60,1
536,30.3,42,1
536,31,43,1
536,30.6,67,1
553,32.3,56,1
536,32.1,34,1
536,30.6,44,1
536,32.7,46,1
537,30.6,34,1
537,30.6,64,1
537,32.3,44,1
537,32.1,35,1
538,30.6,48,1
555,26,65,1
554,27,42,1
537,26,61,1
555,30.1,29,1
555,30.6,50,1
537,32.8,24,1
537,32.9,31,1
555,30.5,50,1
537,30,31,1
537,32.8,64,1
537,32.4,67,1
537,31.3,67,1
554,31.9,29,1
537,32.9,47,1
537,30.6,43,1
538,31.6,42,1
538,30,41,1
537,31.9,23,1
540,32.7,50,1
540,30.9,66,1
538,32.2,47,1
540,32.1,27,1
540,26,32,1
538,33.4,29,1
540,30.6,51,1
540,31.6,39,1
540,31.3,25,1
556,32.4,48,1
541,31.7,36,1
556,32.7,55,1
556,31.5,23,1
556,33.4,61,1
541,26,24,1
556,32.9,66,1
540,32.8,35,1
540,32.9,62,1
541,31.3,64,1
541,32.1,65,1
542,31.3,52,1
557,31.4,30,1
542,30.1,32,1
557,30.6,49,1
542,25,68,1
542,32.1,64,1
541,32.8,20,1
556,33.2,44,1
541,30.1,38,1
556,31.2,57,1
556,30.6,23,1
556,32.3,26,1
556,30.5,31,1
541,32.8,64,1
540,31.5,37,1
540,32.7,67,1
540,32.5,68,1
540,32.4,53,1
555,33.4,64,1
540,32.8,46,1
540,32.2,20,1
541,25,51,1
540,31.2,28,1
540,27,30,1
540,30.6,46,1
541,30.2,65,1
556,32.2,35,1
556,32.8,47,1
556,30.3,22,1
557,32.8,69,1
541,32.8,47,1
541,25,59,1
541,32.1,45,1
541,32.8,20,1
541,32.1,32,1
556,32.1,61,1
542,30.6,59,1
557,31.2,45,1
557,30.5,23,1
557,33.2,39,1
558,32.1,31,1
542,25,53,1
557,30.1,33,1
557,25,70,1
558,32.7,22,1
557,31.2,61,1
556,32.9,31,1
542,33.4,26,1
558,33.4,31,1
542,30.6,39,1
558,30.3,32,1
557,30.3,26,1
542,32.7,67,1
543,32.8,35,1
558,30,57,1
558,31.4,69,1
558,30.6,45,1
558,32.9,65,1
542,33.4,52,1
542,32.7,33,1
542,26,66,1
542,33.3,33,1
542,31.4,67,1
542,30.1,49,1
542,30.2,60,1
559,32.7,62,1
559,30,41,1
542,32.8,67,1
542,32.8,23,1
558,33.3,30,1
558,30.5,59,1
542,26,51,1
541,30.6,42,1
542,33.4,36,1
542,31.4,45,1
558,32.4,56,1
558,30.6,66,1
542,32.8,38,1
542,30.1,45,1
557,31.6,23,1
542,32.6,54,1
542,30.7,30,1
558,30.1,44,1
558,32.9,62,1
543,33.4,26,1
558,30.3,62,1
558,32.8,68,1
542,32.6,64,1
542,33.3,32,1
557,32.8,25,1
542,31.9,63,1
557,32.3,63,1
542,33.4,70,1
542,33.4,29,1
542,26,51,1
557,32.8,51,1
542,30.2,27,1
542,33.4,57,1
542,25,55,1
558,32.7,29,1
543,30.5,59,1
543,31.5,59,1
543,32.1,43,1
543,32.8,30,1
542,25,26,1
558,31.6,36,1
559,30.5,39,1
556,32.7,51,1
543,25,57,1
543,32.9,68,1
543,30.6,21,1
543,30.2,61,1
559,25,53,1
559,33.4,63,1
543,32.8,64,1
543,33.4,61,1
559,32.7,34,1
543,33.4,35,1
559,32.8,21,1
543,32.2,56,1
559,31.9,62,1
542,30.1,61,1
543,33.4,55,1
559,25,26,1
543,30.2,47,1
497,33.4,43,0
486,32.2,63,0
499,33.4,38,0
537,33.4,30,1
465,32.2,24,0
501,30.6,37,1
506,32.7,54,1
502,33.3,30,1
484,31.3,42,0
462,33.3,61,0
526,31.2,34,1
541,31.6,24,1
500,30.6,51,1
465,32.9,43,0
526,30.3,32,1
480,25,54,0
483,30.6,34,0
682,33.4,41,1
537,32.7,39,1
497,31.3,45,0
507,33.4,21,1
465,31.6,21,0
543,33.4,32,1
473,32.7,53,0
498,25,52,0
504,32.3,59,1
470,25,54,0
524,32.8,36,1
482,31.5,43,0
537,32.1,68,1
498,33.1,57,0
556,27,45,1
486,33.3,40,0
466,30.6,63,0
481,33.4,38,0
531,30.5,24,1
526,32.2,33,1
497,30.1,63,0
497,27,33,0
481,26,40,0
540,25,34,1
540,32.9,65,1
487,32.3,44,0
497,30.1,56,0
490,30.3,52,0
523,30.6,34,1
465,32.2,36,0
501,30.3,57,1
526,32.7,40,1
502,32.3,39,1
468,33.4,61,0
481,25,60,0
483,32.8,40,0
549,31.6,27,1
558,32.8,53,1
481,30.6,59,0
481,30,27,0
502,30,50,1
502,32.8,40,1
557,30,24,1
466,32.9,64,0
481,25,49,0
497,32.4,60,0
514,26,36,1
542,30.2,29,1
518,32.3,53,1
498,33.4,49,0
498,32.2,57,0
481,33.4,20,0
498,32.9,55,0
496,32.3,29,0
596,32.1,23,1
480,31.5,58,0
465,26,33,0
508,33.3,29,1
498,32.7,24,0
481,27,22,0
522,32.1,39,1
637,33.3,39,1
489,32.7,35,0
465,32.6,22,0
516,30.6,48,1
505,30.6,25,1
541,30.6,38,1
497,30.6,26,0
543,30.6,53,1
481,32.8,49,0
519,32.7,28,1
507,27,65,1
466,25,25,0
504,32.6,64,1
608,33.3,69,1
497,30.5,22,0
498,30.5,28,0
542,33.4,68,1
498,26,23,0
508,32.7,24,1
542,30.5,66,1
497,30.6,28,0
558,25,22,1
511,30.5,31,1
523,30.1,68,1
476,32.1,20,0
531,32.8,31,1
510,30.2,52,1
528,25,63,1
499,30.6,20,0
497,30.3,44,0
513,32.8,65,1
470,26,32,0
556,32.7,66,1
476,30.5,61,0
499,30.1,37,0
540,32.8,64,1
469,30,55,0
516,26,57,1
516,33.4,56,1
509,25,64,1
498,30.1,51,0
516,27,41,1
500,32.4,27,1
497,25,68,0
517,32.2,64,1
465,32.4,26,0
499,30.6,46,0
542,32.7,56,1
513,25,36,1
468,30.2,30,0
543,26,26,1
538,32.9,66,1
517,32.9,33,1
497,33.4,25,0
498,30.6,52,0
512,26,20,1
502,32.7,67,1
532,33.4,69,1
545,25,39,1
484,30.1,50,0
508,33.4,20,1
490,30.3,41,0
466,25,52,0
542,30.1,46,1
600,32.8,64,1
556,33.4,44,1
498,25,39,0
532,32.9,57,1
497,26,22,0
484,33.3,47,0
526,33.4,46,1
486,32.7,58,0
559,32.7,38,1
468,33.3,65,0
487,33.4,54,0
499,33.3,61,0
558,30.5,37,1
466,30.5,63,0
486,33.3,22,0
536,32.8,53,1
542,32.8,33,1
495,25,39,0
473,32.8,45,0
499,30.6,56,0
495,32.9,21,0
542,25,43,1
509,32.8,59,1
662,33.4,53,1
505,25,27,1
521,33.4,58,1
499,33.4,53,0
498,30.2,36,0
1024,26,25,1
524,33.4,66,1
486,33.3,35,0
474,32.8,33,0
495,32.7,29,0
466,30.6,54,0
542,30.6,66,1
481,33.4,58,0
502,30.5,54,1
533,30.6,60,1
498,32.9,48,0
547,33.4,27,1
543,30.1,30,1
1024,26,31,1
507,33.4,25,1
487,30.1,47,0
477,32.7,24,0
502,25,32,1
487,32.7,63,0
505,32.8,30,1
541,25,28,1
466,30.5,50,0
498,33.4,51,0
495,30.5,46,0
514,30.5,30,1
506,30.5,33,1
501,32.8,70,1
504,32.9,47,1
526,25,41,1
466,32.7,28,0
466,30.1,51,0
528,26,65,1
524,25,42,1
485,26,32,0
522,32.8,61,1
481,33.3,68,0
496,32.8,66,0
558,30.3,61,1
497,32.9,39,0
507,32.7,60,1
465,25,50,0
476,32.7,66,0
497,33.4,50,0
519,32.7,45,1
485,25,70,0
498,32.8,27,0
558,32.7,64,1
528,33.3,52,1
535,25,25,1
496,30.6,35,0
465,32.4,51,0
542,33.4,51,1
556,32.1,66,1
504,32.8,44,1
528,33.4,54,1
512,33.4,62,1
498,32.6,46,0
497,30.6,58,0
499,32.7,39,0
528,32.8,21,1
498,33.4,68,0
470,30.1,66,0
497,32.9,40,0
494,32.8,63,0
564,30.6,53,1
502,33.4,25,1
542,32.7,60,1
540,32.8,25,1
549,32.7,54,1
561,33.4,32,1
512,32.7,35,1
466,30.5,68,0
484,33.4,68,0
541,30.1,49,1
466,33.4,62,0
507,30.2,43,1
497,32.7,37,0
494,32.8,55,0
542,33.4,56,1
499,32.8,64,0
526,32.9,20,1
512,32.8,41,1
501,33.4,24,1
667,30.6,26,1
498,32.7,27,0
546,33.4,22,1
524,33.4,66,1
498,32.8,43,0
535,32.7,48,1
488,32.9,37,0
538,33.4,25,1
481,32.8,48,0
514,32.7,35,1
664,33.4,63,1
558,32.7,20,1
498,30.5,53,0
481,33.4,49,0
528,30.6,64,1
489,33.4,42,0
466,30.6,47,0
465,32.7,38,0
494,33.4,33,0
541,32.8,53,1
509,32.8,45,1
481,32.9,64,0
478,32.8,22,0
481,33.4,44,0
545,32.8,41,1
487,32.7,29,0
514,33.4,70,1
499,32.8,22,0
530,30.5,36,1
516,33.4,46,1
534,30.6,40,1
497,32.8,62,0
481,33.4,64,0
528,32.7,48,1
529,30.6,42,1
535,30.6,29,1
556,30.6,54,1
500,30.6,41,1
487,30.6,28,0
542,32.8,52,1
497,32.7,63,0
557,27,20,1
508,25,58,1
466,32.6,56,0
542,33.3,59,1
487,30.5,34,0
497,30.5,22,0
668,33.4,57,1
501,26,42,1
542,32.7,47,1
559,30.5,42,1
535,30.6,64,1
499,25,62,0
499,30.5,60,0
465,30.1,69,0
498,32.1,44,0
493,32.8,68,0
518,30.2,51,1
518,25,64,1
466,30.6,42,0
547,30.3,45,1
558,32.8,52,1
466,26,48,0
480,32.7,24,0
496,30.5,65,0
556,30.1,36,1
483,32.8,40,0
532,30,42,1
541,26,49,1
500,33.4,47,1
513,25,50,1
505,30.1,21,1
680,27,42,1
507,32.4,70,1
489,25,52,0
482,32.2,38,0
559,32.4,43,1
497,30.6,70,0
506,32.7,62,1
507,25,60,1
523,30.2,68,1
549,26,46,1
537,32.9,52,1
496,32.9,65,0
471,33.4,70,0
490,30.6,28,0
519,26,63,1
469,32.7,46,0
490,33.4,31,0
530,25,65,1
501,30.1,47,1
497,33.4,51,0
500,30.3,41,1
557,25,59,1
472,30.1,30,0
502,32.8,58,1
482,33.4,53,0
484,25,33,0
558,32.9,70,1
547,26,54,1
542,33.3,54,1
540,33.4,63,1
520,32.7,69,1
484,32.7,59,0
497,33.3,40,0
497,33.4,50,0
542,33.3,30,1
542,30.5,36,1
543,30.5,41,1
504,33.3,58,1
497,32.8,49,0
555,32.8,59,1
523,25,24,1
490,32.8,34,0
536,30.6,53,1
498,32.9,48,0
498,25,48,0
486,32.8,59,0
519,33.4,62,1
592,25,38,1
541,33.4,61,1
487,33.4,36,0
528,30.2,34,1
502,26,25,1
541,33.4,57,1
465,33.3,64,0
497,32.8,31,0
500,32.7,46,1
556,30.6,44,1
537,30.6,70,1
466,33.4,58,0
474,30.5,33,0
558,30.6,39,1
536,32.9,37,1
493,33.4,26,0
498,30.1,64,0
667,26,48,1
498,33.4,60,0
500,30.1,50,1
497,32.7,36,0
540,25,47,1
490,32.7,67,0
470,32.8,68,0
536,25,24,1
489,30.5,32,0
559,33.4,36,1
497,30.5,57,0
502,30.5,50,1
497,30.5,62,0
523,32.8,58,1
540,32.9,63,1
466,25,48,0
496,32.7,58,0
497,30.1,21,0
481,26,39,0
520,25,25,1
465,26,52,0
533,32.8,27,1
554,33.3,67,1
469,32.8,54,0
499,30.3,66,0
543,32.9,30,1
516,32.7,68,1
498,25,59,0
483,32.7,28,0
513,33.4,64,1
524,32.7,20,1
469,25,46,0
537,32.8,64,1
499,32.7,66,0
489,33.3,24,0
466,25,22,0
490,30.6,43,0
514,32.4,31,1
482,33.4,70,0
522,32.1,40,1
484,32.8,33,0
556,33.4,54,1
508,33.4,22,1
540,32.6,35,1
494,30.6,37,0
481,32.7,36,0
486,32.8,40,0
470,33.4,61,0
499,30.1,39,0
482,32.9,23,0
487,32.8,43,0
482,30.6,34,0
559,33.4,22,1
517,32.7,64,1
497,32.8,42,0
514,32.7,49,1
516,33.4,60,1
513,32.7,50,1
519,30.5,59,1
514,33.4,27,1
505,30.1,53,1
465,33.4,28,0
542,30.2,67,1
525,32.7,25,1
498,32.8,52,0
522,33.4,51,1
522,32.8,35,1
549,32.9,41,1
513,32.8,55,1
502,33.4,45,1
466,30.6,31,0
494,32.7,25,0
523,33.4,50,1
506,33.4,27,1
482,32.8,53,0
475,32.7,38,0
497,32.9,51,0
476,33.4,27,0
498,32.8,65,0
516,32.7,46,1
499,33.4,46,0
678,32.7,58,1
499,30.5,30,0
489,33.4,44,0
537,30.6,34,1
501,33.4,69,1
471,30.6,60,0
521,32.7,45,1
519,33.4,65,1
497,32.8,61,0
498,32.8,33,0
498,32.9,65,0
513,32.8,43,1
542,33.4,48,1
537,32.8,46,1
556,32.7,27,1
486,33.4,60,0
542,32.8,59,1
497,30.5,61,0
476,33.4,69,0
490,30.6,34,0
542,32.8,20,1
508,33.4,43,1
525,32.7,60,1
497,32.4,27,0
465,32.4,44,0
497,32.6,67,0
507,32.6,62,1
537,32.6,27,1
468,32.3,25,0
466,32.2,45,0
537,31.9,56,1
486,32.2,68,0
541,32.8,67,1
520,31.9,56,1
542,32.7,66,1
500,32.1,36,1
494,32.8,20,0
496,32.1,69,0
535,32.1,57,1
628,32.4,52,1
466,32.4,64,0
532,31.9,46,1
516,32.3,70,1
497,30.1,42,0
1024,32.2,53,1
496,32.3,22,0
466,32.7,48,0
542,32.2,41,1
498,31.7,23,0
541,32.1,47,1
482,32.1,52,0
474,32.1,31,0
548,32.3,20,1
480,32.1,63,0
507,32.1,44,1
476,32.1,34,0
465,32.1,62,0
483,32.2,65,0
502,32.2,25,1
465,32.2,28,0
466,32.2,35,0
465,32.2,26,0
546,32.5,43,1
508,32.1,43,1
508,32.1,28,1
495,32.2,43,0
554,32.1,50,1
1024,31.9,56,1
498,32.2,47,0
500,32.3,67,1
470,32.3,67,0
498,32.2,46,0
636,32.1,68,1
543,32.1,30,1
558,32.1,22,1
595,32.1,64,1
486,32.8,24,0
542,32.4,47,1
543,32.1,48,1
465,32,20,0
497,32.4,31,0
497,32.4,49,0
535,32.9,59,1
605,32.3,56,1
553,32.1,49,1
498,32.2,27,0
481,31.9,30,0
532,32.5,56,1
486,32.5,40,0
541,32.5,56,1
502,32.5,50,1
555,32.5,24,1
533,32.1,53,1
483,32.1,70,0
524,32.1,21,1
497,32.1,26,0
525,32.1,28,1
498,32.1,54,0
507,32.1,47,1
468,32.1,62,0
556,32.1,35,1
501,32.2,67,1
511,32.2,62,1
465,32.2,36,0
480,32.2,27,0
481,32.2,52,0
498,32.1,51,0
466,32.1,33,0
478,32.1,43,0
496,32.1,21,0
502,32.1,70,1
540,32.1,54,1
482,32.1,45,0
542,32.1,54,1
531,32.1,32,1
498,32.3,34,0
536,32.3,53,1
584,32.3,29,1
489,32.3,32,0
505,32.3,65,1
524,32.3,53,1
553,32.3,43,1
498,32.3,25,0
499,32.1,39,0
498,32.1,23,0
473,32.1,51,0
502,32.6,48,1
482,32.7,48,0
535,32.8,22,1
525,31.8,55,1
523,32.1,65,1
484,31.9,44,0
542,32.2,26,1
523,32.1,44,1
501,32.2,25,1
481,32.2,24,0
556,27,65,1
498,25,63,0
466,26,36,0
468,25,63,0
540,27,48,1
531,26,61,1
534,25,22,1
502,26,34,1
482,27,52,0
502,27,38,1
477,27,48,0
498,25,33,0
499,27,32,0
498,26,43,0
500,25,59,1
558,25,65,1
542,27,65,1
466,26,62,0
557,26,44,1
488,30.5,46,0
466,30.6,52,0
466,31.7,39,0
501,31.8,48,1
481,31.6,60,0
502,31.5,58,1
542,31.3,24,1
535,31.2,57,1
508,31,39,1
519,30.9,36,1
512,30.8,68,1
543,30.7,61,1
498,30.6,56,0
497,30.6,37,0
481,30.5,32,0
498,30.4,22,0
466,30.3,26,0
540,30.3,69,1
559,30.2,61,1
507,30.2,69,1
541,30.2,27,1
496,30.1,58,0
487,30.2,39,0
486,30.3,58,0
497,30.4,26,0
514,30.4,32,1
482,30.4,39,0
525,30.5,42,1
540,30.5,53,1
541,30.6,37,1
506,30.6,59,1
498,30.6,61,0
558,30.7,28,1
466,30.7,32,0
513,30.7,58,1
495,30.8,32,0
580,30.8,38,1
521,31.1,70,1
487,32.1,46,0
465,31.6,27,0
529,31.5,42,1
536,30.7,64,1
541,30.6,59,1
509,30.6,70,1
508,30.6,29,1
488,30.6,51,0
495,30.6,58,0
494,32.8,21,0
520,32.7,40,1
535,27,25,1
465,25,44,0
558,32.6,38,1
483,33.3,24,0
487,30.5,30,0
540,30.5,34,1
485,33.4,69,0
486,26,31,0
480,32.7,45,0
500,30.5,66,1
466,30.6,25,0
499,25,38,0
500,30.5,22,1
504,30.1,52,1
498,32.1,23,0
466,32.8,69,0
521,30.2,57,1
523,25,57,1
588,30.6,60,1
502,30.3,67,1
512,32.8,47,1
498,26,25,0
486,32.7,65,0
468,30.5,63,0
488,30.1,28,0
507,32.8,45,1
497,30,39,0
500,26,48,1
507,33.4,55,1
506,25,24,1
483,30.1,35,0
494,27,33,0
504,32.4,23,1
637,25,67,1
557,32.2,65,1
499,32.4,49,0
1024,30.6,57,1
484,32.7,24,0
480,25,63,0
486,30.2,44,0
497,26,40,0
512,32.9,66,1
504,32.9,64,1
480,33.4,41,0
518,30.6,38,1
481,26,32,0
537,32.7,20,1
547,33.4,68,1
489,25,26,0
1024,30.1,22,1
488,33.4,47,0
517,30.3,32,1
480,25,69,0
508,30.1,32,1
534,32.8,49,1
523,33.4,59,1
488,25,64,0
540,32.9,51,1
522,26,43,1
499,33.3,56,0
481,33.4,32,0
526,32.7,52,1
520,32.7,37,1
465,33.3,22,0
514,33.4,56,1
497,33.3,70,0
483,30.5,23,0
492,30.5,42,0
526,33.3,32,1
468,32.8,44,0
487,32.8,26,0
499,25,26,0
471,32.8,39,0
559,30.6,63,1
497,32.9,68,0
494,25,40,0
507,32.8,25,1
520,33.4,40,1
488,25,67,0
486,33.4,34,0
517,33.4,30,1
505,30.2,38,1
519,26,59,1
499,33.4,45,0
465,33.3,62,0
500,32.8,45,1
481,32.7,47,0
542,30.6,69,1
468,30.6,32,0
508,33.4,34,1
517,30.5,35,1
497,30.6,70,0
556,32.9,43,1
514,33.4,65,1
509,30.1,31,1
489,26,61,0
540,33.4,24,1
497,30.1,66,0
504,32.7,47,1
558,25,47,1
531,32.7,56,1
483,32.8,27,0
508,25,40,1
508,30.5,40,1
466,33.4,58,0
499,30.5,29,0
494,30.5,43,0
494,30.5,39,0
499,32.8,67,0
504,32.9,63,1
498,25,30,0
506,32.7,28,1
487,30.1,43,0
466,26,25,0
534,25,41,1
542,26,57,1
498,32.8,51,0
555,33.3,47,1
681,32.8,27,1
465,30.3,49,0
529,32.9,53,1
497,32.7,20,0
465,25,39,0
541,32.7,50,1
517,33.4,45,1
499,32.7,25,0
513,25,32,1
522,32.8,31,1
482,32.7,30,0
481,33.3,46,0
498,25,50,0
482,30.6,26,0
543,32.4,24,1
498,33.4,42,0
502,32.1,54,1
536,32.8,45,1
541,33.4,56,1
465,33.4,35,0
569,32.6,53,1
482,30.6,70,0
519,32.7,30,1
498,32.8,33,0
484,33.4,39,0
483,30.1,30,0
484,32.9,69,0
547,32.8,33,1
543,30.6,68,1
507,33.4,28,1
511,32.7,47,1
441,32.8,24,0
465,32.7,27,0
538,33.4,49,1
497,32.7,25,0
507,30.5,49,1
499,33.4,27,0
499,30.1,38,0
497,33.4,60,0
497,30.2,41,0
666,32.7,56,1
507,32.8,23,1
556,33.4,41,1
542,32.8,35,1
534,32.9,38,1
494,32.8,46,0
498,33.4,67,0
519,30.6,22,1
488,32.7,45,0
528,33.4,67,1
517,33.4,69,1
504,32.8,66,1
542,32.7,37,1
466,32.9,59,0
557,33.4,47,1
509,32.8,42,1
482,32.7,48,0
498,33.4,55,0
720,32.7,50,1
466,30.5,36,0
557,33.4,54,1
506,30.6,36,1
522,33.4,60,1
495,30.6,24,0
558,32.7,62,1
497,33.4,47,0
543,32.8,37,1
498,32.8,28,0
481,32.9,65,0
493,32.8,55,0
502,33.4,43,1
483,32.8,24,0
540,32.7,44,1
556,33.4,51,1
555,32.8,65,1
552,30.5,31,1
498,33.4,55,0
521,30.6,68,1
495,32.8,59,0
542,33.4,66,1
530,32.7,52,1
498,30.6,43,0
494,30.6,23,0
502,30.6,43,1
501,30.6,22,1
507,30.6,46,1
466,32.8,45,0
502,32.7,44,1
493,27,41,0
505,25,44,1
497,32.6,48,0
516,33.3,49,1
498,30.5,53,0
494,30.5,34,0
493,33.4,62,0
497,26,55,0
537,32.7,62,1
504,30.5,63,1
465,30.6,42,0
545,25,21,1
658,30.5,24,1
497,30.1,30,0
465,32.1,26,0
535,32.8,69,1
543,30.2,57,1
497,25,35,0
498,30.6,42,0
523,30.3,22,1
498,32.8,24,0
543,26,42,1
494,32.7,64,0
466,30.5,42,0
482,30.1,51,0
546,32.8,21,1
496,30,70,0
513,26,41,1
466,33.4,27,0
555,25,67,1
498,30.1,42,0
512,27,54,1
498,32.4,26,0
514,25,41,1
494,32.2,40,0
495,32.4,53,0
528,30.6,57,1
536,32.7,42,1
516,25,34,1
498,30.2,47,0
514,26,66,1
567,32.9,30,1
542,32.9,30,1
481,33.4,63,0
496,30.6,52,0
470,26,67,0
498,32.7,54,0
571,33.4,41,1
542,25,44,1
497,30.1,61,0
508,33.4,42,1
497,30.3,57,0
674,25,32,1
504,30.1,49,1
542,32.8,32,1
516,33.4,33,1
559,25,50,1
532,32.9,50,1
481,26,50,0
465,33.3,58,0
557,33.4,60,1
509,32.7,23,1
520,32.7,24,1
528,33.3,43,1
484,33.4,70,0
466,33.3,45,0
469,30.5,53,0
508,30.5,43,1
507,33.3,62,1
466,32.8,35,0
541,32.8,36,1
497,25,31,0
488,32.8,61,0
469,30.6,30,0
504,32.9,34,1
543,25,31,1
482,32.8,31,0
536,33.4,66,1
516,25,34,1
508,33.4,56,1
558,33.4,39,1
498,30.2,28,0
488,26,46,0
509,33.4,52,1
483,33.3,69,0
511,32.8,26,1
537,32.7,55,1
505,30.6,34,1
483,30.6,64,0
498,33.4,27,0
505,30.5,59,1
495,30.6,50,0
521,32.9,43,1
522,33.4,46,1
497,30.1,48,0
470,26,65,0
466,33.4,21,0
501,30.1,46,1
495,32.7,54,0
482,25,56,0
525,32.7,28,1
496,32.8,21,0
508,25,34,1
519,30.5,29,1
501,33.4,64,1
538,30.5,23,1
513,30.5,20,1
483,30.5,70,0
512,32.8,45,1
495,32.9,25,0
513,25,21,1
499,32.7,30,0
501,30.1,41,1
520,26,32,1
486,25,69,0
496,26,52,0
669,32.8,63,1
498,33.3,48,0
476,32.8,55,0
466,30.3,25,0
523,32.9,63,1
500,32.7,55,1
494,25,62,0
506,32.7,63,1
500,33.4,69,1
500,32.7,54,1
481,25,23,0
497,32.8,56,0
490,32.7,30,0
497,33.3,24,0
550,25,53,1
486,30.6,34,0
470,32.4,65,0
483,33.4,42,0
498,32.1,46,0
542,32.8,58,1
516,33.4,29,1
478,33.4,25,0
481,32.6,20,0
505,30.6,57,1
526,32.7,48,1
538,32.8,25,1
502,33.4,57,1
504,30.1,25,1
525,32.9,37,1
484,32.8,70,0
506,30.6,37,1
481,33.4,56,0
497,32.7,68,0
499,32.8,67,0
498,32.7,68,0
543,33.4,42,1
476,32.7,42,0
554,30.5,34,1
499,33.4,41,0
470,30.1,45,0
483,33.4,30,0
523,30.2,47,1
519,32.7,33,1
511,32.8,61,1
528,33.4,34,1
506,32.8,70,1
481,32.9,62,0
498,32.8,57,0
540,33.4,55,1
529,30.6,42,1
487,32.7,37,0
557,33.4,61,1
487,33.4,40,0
532,32.8,64,1
466,32.7,62,0
498,32.9,21,0
487,33.4,56,0
466,32.8,46,0
528,32.7,37,1
490,33.4,29,0
558,32.7,37,1
498,30.5,24,0
557,33.4,54,1
471,30.6,22,0
542,33.4,33,1
656,30.6,59,1
559,32.7,63,1
468,33.4,58,0
492,32.8,47,0
465,32.8,31,0
554,32.9,24,1
509,32.8,55,1
482,33.4,21,0
501,32.8,31,1
507,32.7,34,1
540,33.4,41,1
485,32.8,59,0
465,30.5,65,0
497,33.4,25,0
498,30.6,22,0
498,32.8,25,0
465,33.4,50,0
470,32.7,38,0
525,32.4,27,1
543,32.4,39,1
506,32.6,49,1
542,32.6,40,1
516,32.6,47,1
543,32.3,62,1
466,32.2,53,0
480,31.9,33,0
655,32.2,20,1
497,32.8,64,0
498,31.9,55,0
504,32.7,25,1
493,32.1,64,0
468,32.8,33,0
518,32.1,27,1
541,32.1,44,1
497,32.4,65,0
557,32.4,63,1
500,31.9,24,1
505,32.3,31,1
478,30.1,49,0
500,32.2,45,1
481,32.3,70,0
497,32.7,66,0
496,32.2,34,0
556,31.7,57,1
499,32.1,54,0
497,32.1,25,0
497,32.1,65,0
532,32.3,23,1
496,32.1,38,0
520,32.1,46,1
537,32.1,46,1
506,32.1,67,1
486,32.2,36,0
468,32.2,44,0
471,32.2,62,0
466,32.2,43,0
557,32.2,33,1
525,32.5,60,1
546,32.1,63,1
661,32.1,64,1
488,32.2,64,0
534,32.1,41,1
557,31.9,39,1
497,32.2,48,0
514,32.3,63,1
498,32.3,47,0
477,32.2,51,0
485,32.1,55,0
522,32.1,33,1
537,32.1,47,1
500,32.1,64,1
506,32.8,23,1
557,32.4,35,1
558,32.1,58,1
500,32,66,1
466,32.4,42,0
500,32.4,41,1
550,32.9,51,1
497,32.3,52,0
540,32.1,32,1
472,32.2,25,0
511,31.9,42,1
505,32.5,65,1
558,32.5,32,1
536,32.5,36,1
524,32.5,66,1
497,32.5,47,0
535,32.1,31,1
520,32.1,33,1
496,32.1,67,0
543,32.1,30,1
513,32.1,24,1
556,32.1,51,1
542,32.1,70,1
483,32.1,54,0
522,32.1,59,1
501,32.2,40,1
483,32.2,42,0
543,32.2,68,1
480,32.2,32,0
530,32.2,63,1
536,32.1,37,1
522,32.1,22,1
510,32.1,36,1
466,32.1,30,0
487,32.1,37,0
524,32.1,25,1
526,32.1,36,1
496,32.1,70,0
500,32.1,64,1
466,32.3,33,0
509,32.3,33,1
466,32.3,53,0
638,32.3,34,1
522,32.3,34,1
741,32.3,38,1
798,32.3,62,1
690,32.3,34,1
558,32.1,56,1
578,32.1,27,1
673,32.1,66,1
642,32.6,63,1
723,32.7,31,1
671,32.8,39,1
758,31.8,59,1
507,32.1,47,1
586,31.9,36,1
703,32.2,51,1
716,32.1,53,1
724,32.2,50,1
828,32.2,27,1
633,27,22,1
783,25,67,1
635,26,28,1
525,25,27,1
636,27,44,1
813,26,37,1
736,25,41,1
833,26,52,1
808,27,37,1
714,27,62,1
806,27,57,1
681,25,48,1
661,27,21,1
546,26,36,1
759,25,52,1
803,25,55,1
670,27,35,1
796,26,23,1
665,26,45,1
687,30.5,49,1
573,30.6,40,1
812,31.7,68,1
698,31.8,29,1
675,31.6,53,1
700,31.5,48,1
749,31.3,22,1
537,31.2,50,1
748,31,27,1
824,30.9,39,1
839,30.8,45,1
740,30.7,51,1
533,30.6,69,1
775,30.6,56,1
663,30.5,39,1
639,30.4,29,1
612,30.3,31,1
580,30.3,65,1
632,30.2,61,1
535,30.2,46,1
818,30.2,22,1
503,30.1,52,1
788,30.2,43,1
513,30.3,40,1
729,30.4,69,1
659,30.4,53,1
629,30.4,29,1
641,30.5,26,1
676,30.5,51,1
739,30.6,51,1
773,30.6,38,1
792,30.6,41,1
509,30.7,62,1
682,30.7,32,1
637,30.7,39,1
769,30.8,26,1
611,30.8,39,1
574,31.1,67,1
623,32.1,34,1
539,31.6,26,1
595,31.5,67,1
683,30.7,59,1
760,30,44,1
697,32.8,44,1
766,30.1,20,1
768,30.6,49,1
734,31.2,27,1
579,32.1,22,1
737,31.4,68,1
699,31.3,22,1
757,33.4,32,1
624,30,43,1
545,30.2,26,1
850,30.1,33,1
722,31.7,68,1
795,26,60,1
817,32.8,36,1
830,30.1,52,1
843,30,41,1
553,30,24,1
837,30.9,32,1
588,31.5,41,1
733,31.3,30,1
89,30.2,27,0
76,31.2,70,0
434,31.6,39,0
487,30.6,44,0
493,31.3,28,0
421,31.3,33,0
379,32.7,56,0
177,33.4,28,0
482,30,48,0
168,27,41,0
208,30.6,65,0
162,30.3,31,0
306,32.8,31,0
394,33.4,64,0
184,33,21,0
429,32,29,0
81,31.3,20,0
158,30.6,67,0
435,30.5,64,0
401,33.2,29,0
271,30.2,52,0
161,31.4,60,0
124,31.2,70,0
26,30.1,37,0
175,27,36,0
293,29,61,0
354,32.7,70,0
245,31.3,70,0
462,32.7,26,0
466,30.1,34,0
75,30.5,35,0
209,31,23,0
304,31.5,48,0
256,31.5,51,0
141,31.6,47,0
302,33.4,43,0
87,32.9,27,0
72,33.1,48,0
4,32.4,32,0
178,32.8,68,0
36,33.4,43,0
39,33.3,65,0
107,30.3,58,0
21,31.2,20,0
59,31.6,56,0
206,33.4,20,0
143,32.2,67,0
52,30.1,53,0
149,33.3,29,0
74,30.5,44,0
861,30.5,35,1
938,30.6,28,1
981,31.5,32,1
1019,30.6,53,1
876,33.4,24,1
1020,27,39,1
933,33.4,28,1
889,30.1,65,1
865,32.9,41,1
920,30.5,47,1
926,30.9,33,1
923,32.2,51,1
853,33.3,59,1
922,30.6,28,1
998,30.7,33,1
966,31.6,31,1
950,27,31,1
1001,30.1,23,1
930,31.6,36,1
999,30.5,69,1
873,31.9,51,1
969,30.3,41,1
881,32.1,63,1
896,30.2,55,1
857,33.4,37,1
1010,32.9,20,1
947,32.8,66,1
859,32.9,34,1
1005,32.9,27,1
937,33.2,52,1
893,33.4,45,1
872,32.8,43,1
878,30.1,61,1
883,30.6,39,1
888,32.7,32,1
1009,30.6,65,1
917,31.3,21,1
974,32.9,59,1
858,33.4,38,1
918,32.9,39,1
1021,30.1,38,1
986,30.3,32,1
968,30.6,65,1
1015,30,26,1
914,32.1,25,1
941,31.3,32,1
902,30.5,43,1
894,30.2,42,1
1022,32.8,38,1
979,30.6,53,1
1024,30.5,49,1
720,30,67,1
637,30.6,34,1
661,31.3,55,1
674,32.9,30,1
681,30.6,28,1
666,32.7,40,1
668,30.6,46,1
656,26,20,1
664,30,33,1
667,27,68,1
669,30,40,1
682,31.5,51,1
680,31.2,56,1
678,31.3,37,1
658,31.4,61,1
667,31.3,49,1
662,31.2,69,1
655,31.4,39,1
637,33.4,55,1
636,30.5,37,1
628,32.2,44,1
595,33.4,44,1
608,31.4,63,1
605,32.5,68,1
600,32.6,65,1
596,32.7,49,1
592,30.5,35,1
588,30.2,48,1
584,30,64,1
580,31.3,34,1
554,30.3,43,1
571,32.8,40,1
569,30.6,62,1
567,33.4,57,1
564,33.4,24,1
561,33.4,27,1
558,32.6,63,1
535,30.3,21,1
554,33.4,64,1
553,31.4,37,1
550,33.4,30,1
549,31.4,27,1
547,30.6,69,1
523,31.5,39,1
523,30.6,20,1
543,31.5,69,1
543,31.5,58,1
542,30.6,49,1
526,33.4,33,1
543,32.4,29,1
542,32.7,24,1
542,31.2,58,1
540,30.6,31,1
523,30.1,50,1
538,30.6,32,1
522,30.6,46,1
536,30.4,46,1
536,30.2,36,1
537,30,48,1
536,31.4,49,1
532,31.6,38,1
514,31.4,29,1
513,31.2,49,1
528,31.3,42,1
535,33.3,48,1
534,30.6,22,1
517,30.5,66,1
516,33.4,30,1
532,32.8,29,1
531,32.4,31,1
512,30.1,28,1
528,30.3,31,1
526,30.5,37,1
525,30.6,33,1
530,30.2,33,1
528,30.1,38,1
526,30.2,46,1
525,31.5,34,1
524,30.6,46,1
523,31.5,56,1
523,30.6,48,1
524,3.4,34,1
525,30.2,43,1
525,30.3,33,1
508,33.3,46,1
523,30.5,33,1
524,33.2,61,1
523,32.6,29,1
526,32.7,23,1
525,30.6,37,1
522,30.9,64,1
522,33.3,41,1
520,30.6,70,1
519,30.2,67,1
519,31.3,47,1
524,30.6,64,1
523,32.8,20,1
523,26,42,1
521,30,25,1
519,31.9,67,1
519,32.1,22,1
519,30.1,29,1
523,30,43,1
485,33.1,38,0
524,32.8,44,1
524,32.9,58,1
522,30.5,69,1
520,30.5,69,1
488,32.9,61,0
441,30.6,61,0
493,33.4,37,0
504,26,20,1
490,30.6,25,0
489,30.3,32,0
507,33.3,70,1
507,32.1,42,1
490,31.3,29,0
506,30.2,59,1
506,30.6,61,1
488,30.6,38,0
505,32.7,60,1
505,26,53,1
488,31.4,65,0
488,30.1,24,0
504,31.2,50,1
504,30.1,44,1
504,30.2,29,1
504,30.3,54,1
504,31.5,40,1
502,32.4,30,1
502,33.3,40,1
502,31.3,51,1
486,31.2,33,0
502,30.1,30,1
502,30.6,32,1
501,33.4,63,1
501,32.8,58,1
502,31.2,22,1
501,31.5,57,1
500,30.3,29,1
500,31.4,26,1
500,30.6,26,1
499,32.8,23,0
499,32.7,63,0
483,32.8,35,0
499,32.7,53,0
498,31.3,45,0
498,32.4,24,0
498,31.5,59,0
498,30.6,25,0
498,30.2,56,0
482,30.1,55,0
498,30.2,63,0
498,31.5,49,0
498,30.5,22,0
497,30.5,69,0
481,31.6,27,0
497,32.1,35,0
497,30.6,25,0
497,33.4,63,0
480,30.1,24,0
497,33.4,28,0
496,33.4,57,0
497,32.1,67,0
496,30.5,37,0
480,32.8,39,0
496,31.2,58,0
495,30,21,0
478,33.4,54,0
496,32.9,25,0
496,30.5,24,0
496,32.2,49,0
496,32.5,39,0
495,32.9,68,0
495,32.2,53,0
495,33.3,29,0
495,33.4,57,0
478,32.1,31,0
495,30.2,22,0
495,32.8,44,0
477,30.5,31,0
477,33.4,38,0
478,33.4,24,0
494,25,57,0
494,25,37,0
476,26,26,0
494,32.1,46,0
494,26,34,0
494,33.4,63,0
494,30.6,59,0
494,32.7,36,0
494,30.6,69,0
494,32.1,65,0
493,30.5,47,0
493,32.3,41,0
494,31.4,44,0
494,30.7,67,0
476,32.8,27,0
476,32.1,23,0
493,32.7,42,0
493,30.7,26,0
475,32.1,52,0
490,26,53,0
490,32.7,47,0
489,32.3,35,0
490,31.9,31,0
490,30.6,22,0
474,32,20,0
489,30.1,48,0
489,32.9,52,0
489,32.9,25,0
474,33.3,43,0
489,30.5,34,0
474,33.4,57,0
489,30.5,43,0
473,32.8,36,0
473,32.3,56,0
473,31.9,23,0
488,30.6,47,0
488,30.5,59,0
472,26,55,0
488,27,35,0
488,30.6,70,0
472,32.8,25,0
488,32.3,62,0
487,30.1,20,0
487,33.4,62,0
471,32.1,35,0
487,30.9,66,0
487,30.1,34,0
488,32,57,0
488,32.1,22,0
487,32.6,50,0
487,32.8,38,0
487,27,38,0
471,31.5,68,0
487,33.4,52,0
487,32.8,33,0
471,25,24,0
470,26,50,0
470,32.8,27,0
471,32.7,66,0
470,30.6,58,0
471,30.5,27,0
487,30.6,68,0
470,31.1,37,0
470,32.7,36,0
487,33.4,67,0
487,32.1,59,0
487,30.6,33,0
487,32.7,20,0
470,33.4,67,0
486,25,69,0
486,26,47,0
487,33.3,45,0
470,31.6,62,0
486,33.3,42,0
487,26,37,0
470,31.2,62,0
486,30.6,56,0
470,32.7,51,0
486,32.8,66,0
470,30.5,62,0
486,32.1,25,0
486,32.3,64,0
486,33.4,60,0
469,25,58,0
486,31.5,50,0
470,32.8,58,0
486,32.2,23,0
486,30.6,40,0
486,30.3,43,0
486,30.2,48,0
469,31.3,24,0
469,33.3,39,0
485,32.9,36,0
486,30.5,61,0
468,32.9,29,0
469,31.3,55,0
485,33.4,60,0
468,31.3,40,0
469,30.3,33,0
469,32.8,41,0
468,31.9,54,0
485,33.4,41,0
484,27,70,0
466,33.4,49,0
466,25,56,0
484,30.6,23,0
484,32.9,61,0
466,32.8,68,0
468,30.8,48,0
484,32.5,53,0
484,32.7,27,0
468,32,67,0
485,33.4,28,0
484,33.4,45,0
468,30.1,25,0
466,30.6,40,0
484,30.6,36,0
466,32.8,58,0
484,32.1,67,0
484,32.8,22,0
468,26,23,0
466,32.7,20,0
466,30.5,68,0
466,26,57,0
466,32.7,51,0
466,30.5,24,0
484,32.1,39,0
466,32.1,47,0
468,30.6,65,0
466,32.9,45,0
468,30.5,61,0
484,30.2,24,0
466,32.1,69,0
466,33.3,21,0
468,30.6,50,0
468,33.1,56,0
468,32.8,54,0
484,31.3,20,0
466,33.4,56,0
466,32.4,67,0
466,30.1,58,0
466,25,28,0
466,30.1,65,0
484,25,32,0
466,30.3,69,0
466,33.4,68,0
465,32.8,42,0
465,32.8,56,0
465,32.2,49,0
466,32.7,57,0
466,32.7,21,0
465,30.2,50,0
466,31.3,60,0
483,32.8,30,0
466,31.3,22,0
465,30.1,48,0
483,32.8,49,0
466,30.5,49,0
466,26,29,0
483,33.4,65,0
466,32.7,26,0
465,25,53,0
466,33.4,23,0
465,33.3,30,0
465,32.1,66,0
465,31.9,49,0
483,30.2,29,0
466,25,29,0
465,32.8,44,0
483,32.7,22,0
465,32.1,69,0
465,32.8,33,0
482,33.4,29,0
465,32.3,67,0
465,32.9,50,0
465,30.5,37,0
465,25,70,0
465,30.6,25,0
465,27,32,0
466,26,38,0
482,30.1,61,0
466,25,55,0
465,25,69,0
466,30.5,69,0
482,32.7,35,0
466,30.6,44,0
482,27,28,0
466,32.2,70,0
466,30.6,24,0
466,25,67,0
482,33.4,67,0
466,27,67,0
466,30.5,55,0
466,32.9,67,0
482,25,21,0
466,30.1,26,0
466,30.6,60,0
483,26,61,0
482,33.4,68,0
466,32.7,42,0
466,31.3,46,0
466,33.4,51,0
483,25,68,0
466,31.3,69,0
466,30.3,44,0
466,32.1,21,0
483,31.9,59,0
483,30.3,28,0
466,32.8,28,0
482,25,35,0
482,30.1,60,0
482,30.6,25,0
483,33.4,58,0
482,30.6,34,0
465,32.8,47,0
465,30.6,27,0
482,33.3,59,0
465,32.8,60,0
482,30.5,20,0
465,25,67,0
481,33.4,41,0
465,32.7,43,0
481,30,41,0
466,32.8,62,0
481,30.3,30,0
482,33.4,63,0
481,33.4,61,0
465,33.4,27,0
465,32.8,45,0
465,32.1,39,0
465,30.5,37,0
465,32.7,63,0
465,32.9,65,0
465,26,42,0
466,32.8,26,0
465,32.8,50,0
465,30.1,20,0
481,32.7,49,0
481,30.2,47,0
465,32.7,41,0
481,32.2,61,0
481,33.3,48,0
481,31.4,54,0
462,33.4,52,0
495,32.8,22,0
496,25,49,0
496,30.5,51,0
496,30.3,35,0
480,32.1,57,0
496,32.8,22,0
496,26,62,0
496,30.6,70,0
496,33.4,54,0
497,27,68,0
496,32.8,69,0
497,32.9,52,0
497,29,40,0
497,30,49,0
497,32.2,67,0
497,32.2,54,0
481,33.4,46,0
497,27,46,0
497,32.1,38,0
481,32.7,40,0
497,30.6,34,0
497,27,64,0
497,30.6,41,0
481,32.8,55,0
497,31.9,29,0
497,32.9,21,0
481,32.4,70,0
497,32.8,63,0
497,31.4,33,0
480,25,29,0
497,32.6,67,0
497,30.5,57,0
480,32.9,37,0
497,32.7,59,0
497,30.6,21,0
497,33.4,20,0
480,32.7,35,0
497,32.3,70,0
497,32.8,62,0
497,27,61,0
497,32.9,27,0
497,30.4,43,0
498,32.1,54,0
497,32.8,60,0
497,32.7,24,0
481,32.1,30,0
498,32.8,32,0
498,30.8,26,0
481,33.4,20,0
498,32.7,37,0
498,30.2,70,0
497,32.4,60,0
480,32.7,60,0
480,32.4,59,0
480,33.4,63,0
480,30.6,50,0
497,30.6,57,0
497,32.7,20,0
497,32.8,37,0
497,25,36,0
497,30.6,43,0
497,32.7,29,0
481,32.3,35,0
497,32.8,23,0
497,33.4,43,0
497,33.4,34,0
497,32.1,58,0
497,33.3,42,0
497,30.1,47,0
497,33.4,23,0
497,32.7,57,0
497,32.1,30,0
481,32.2,55,0
497,33.4,33,0
497,32.2,65,0
481,31.3,55,0
498,32.9,52,0
497,32.8,48,0
497,33.4,42,0
498,32.8,58,0
497,30.9,21,0
481,33.4,36,0
497,30.6,33,0
497,30.6,63,0
481,30.5,29,0
497,30.5,53,0
481,30.4,68,0
497,33.4,26,0
481,25,24,0
497,33.4,56,0
498,30.3,48,0
498,26,30,0
497,30.6,31,0
498,32.2,68,0
498,32.7,57,0
497,30.9,23,0
498,32.2,48,0
481,30.6,21,0
481,31.2,39,0
481,30.6,51,0
481,25,56,0
481,32.3,65,0
481,32.7,38,0
498,30,45,0
481,32.2,36,0
498,32.1,48,0
498,31.2,55,0
498,30.6,39,0
498,32.8,30,0
498,31.8,61,0
497,32.1,55,0
498,31.5,43,0
498,31.7,54,0
498,32.8,55,0
497,32.4,53,0
497,25,55,0
497,32.9,30,0
498,32.9,37,0
498,32.3,23,0
498,30.7,70,0
498,31.6,39,0
498,32.7,51,0
498,32.5,62,0
482,32.8,29,0
481,27,27,0
481,30.1,41,0
497,31.4,68,0
497,30.5,26,0
482,30.3,37,0
498,32.1,26,0
498,30.1,66,0
498,30.1,26,0
499,32.7,50,0
498,32.5,48,0
498,27,68,0
498,30.7,49,0
498,33.4,52,0
498,26,32,0
499,30.1,32,0
498,25,55,0
498,33.4,56,0
498,32.6,24,0
497,30.1,65,0
482,33.4,31,0
481,30.9,28,0
498,30.8,52,0
498,32.8,39,0
498,33.4,27,0
498,31.9,53,0
482,25,63,0
498,32.7,50,0
498,32.8,22,0
498,25,39,0
499,30,33,0
498,33.4,24,0
498,27,31,0
498,32.8,51,0
498,32.6,56,0
499,33.4,33,0
499,31.4,26,0
498,30.5,60,0
498,33.4,56,0
498,32.2,23,0
498,32.8,68,0
483,30.1,53,0
483,30.6,51,0
499,33.4,48,0
499,25,37,0
482,26,46,0
498,30.6,61,0
483,30.2,41,0
499,32.8,47,0
498,30.3,30,0
499,30.6,21,0
499,30.5,50,0
498,30.1,42,0
499,33.4,57,0
499,32.1,39,0
499,33.3,51,0
499,32.9,61,0
498,31.4,26,0
498,30.5,38,0
498,26,47,0
497,33.4,29,0
476,26,20,0
476,30.2,66,0
498,32.7,65,0
499,30.4,56,0
499,32.7,45,0
498,31.5,43,0
480,30.2,43,0
481,25,61,0
481,30.5,39,0
499,32.4,21,0
499,25,57,0
499,32.7,49,0
499,30.6,38,0
499,30.6,70,0
500,30.6,22,1
500,32.5,35,1
483,25,21,0
500,30.5,38,1
500,30.6,48,1
483,32.9,26,0
497,30.6,59,0
498,33.3,41,0
478,30.6,21,0
500,33.4,26,1
483,25,70,0
500,30.5,51,1
500,30.6,38,1
500,31.3,30,1
500,30.2,69,1
483,31.5,59,0
501,26,36,1
500,30.7,39,1
500,32.2,32,1
483,30.2,69,0
500,32.9,35,1
500,32.8,55,1
501,32.9,58,1
476,26,49,0
476,33.4,62,0
476,32.1,45,0
477,32.1,46,0
499,32.9,60,0
499,32.7,40,0
499,33.4,25,0
502,26,30,1
502,32.2,56,1
502,25,57,1
486,30.1,39,0
502,30.6,67,1
502,33.3,34,1
502,33.4,50,1
502,30.2,45,1
502,32.9,36,1
486,33.4,45,0
502,26,26,1
486,30.3,24,0
504,32.6,69,1
502,25,30,1
486,32.7,23,0
502,32.2,35,1
502,33.4,24,1
502,26,24,1
504,30.6,46,1
504,32.4,46,1
504,30.5,21,1
504,32.8,38,1
504,33.4,62,1
505,32.9,62,1
487,33.3,39,0
505,26,45,1
504,25,23,1
487,32.3,35,0
505,33.3,66,1
505,33.4,63,1
505,30.2,22,1
505,32.6,64,1
506,30.4,23,1
506,32.8,56,1
506,26,47,1
506,32.7,49,1
506,25,52,1
505,32.1,63,1
506,30.6,41,1
506,31.6,39,1
489,32.8,68,0
507,31.6,33,1
506,32.7,40,1
507,27,62,1
507,31.2,20,1
506,30.2,31,1
489,32.8,45,0
507,32.1,52,1
506,32.7,66,1
507,25,40,1
507,30.6,65,1
507,32.1,54,1
507,27,50,1
507,32.5,41,1
490,32.8,20,0
490,32.1,23,0
490,31.3,33,0
507,30.5,41,1
508,32.1,37,1
507,30.6,60,1
507,33.4,59,1
507,30.7,35,1
508,33.4,50,1
508,33.4,32,1
508,30.6,66,1
508,32.1,38,1
507,31.3,35,1
507,30.3,33,1
507,31.5,59,1
508,30.2,67,1
508,31.2,34,1
508,25,69,1
490,30.1,42,0
508,26,69,1
508,32.8,58,1
508,26,61,1
508,32.9,40,1
508,27,36,1
509,32.4,37,1
509,30.2,69,1
509,32.7,24,1
495,32.4,66,0
494,30.2,45,0
509,30.3,30,1
509,32.7,53,1
494,33.4,58,0
494,32.8,67,0
494,26,42,0
495,30.6,22,0
495,33.4,40,0
495,31.5,63,0
495,32.1,48,0
511,32.8,47,1
510,33.4,61,1
511,32.8,67,1
511,32.2,50,1
511,32.2,53,1
512,32.7,28,1
512,26,30,1
512,32.7,21,1
512,32.2,52,1
512,32.8,23,1
513,30.8,58,1
513,27,34,1
513,32.8,48,1
514,31.4,32,1
513,32.7,67,1
514,26,21,1
514,30.5,58,1
514,33.4,59,1
498,30.6,57,0
497,30.3,67,0
498,31.9,49,0
514,30.6,53,1
498,32.8,70,0
514,30.6,40,1
514,30.2,69,1
498,33.3,46,0
516,31.9,26,1
516,32.8,38,1
499,32.7,22,0
516,30.5,58,1
516,27,28,1
516,32.8,40,1
516,33.4,38,1
516,33.3,22,1
516,32.7,48,1
516,32.5,23,1
516,30.6,59,1
500,30.5,32,1
517,32.8,69,1
500,30.5,35,1
500,32.8,55,1
500,31.5,41,1
517,33.4,68,1
517,30.2,52,1
500,31.2,47,1
501,33.4,46,1
501,32.1,35,1
501,27,58,1
501,30.1,45,1
501,32.3,38,1
519,25,38,1
518,32.6,60,1
518,33.4,49,1
518,30.3,44,1
519,32.8,23,1
504,26,59,1
520,33.4,58,1
521,32.4,54,1
521,30.8,54,1
499,33.4,68,0
492,32.7,29,0
492,32.9,44,0
508,30.1,30,1
493,30.1,35,0
494,32.8,32,0
494,31.3,41,0
511,30.7,70,1
496,30.8,50,0
512,30.6,25,1
496,25,53,0
497,33.4,34,0
513,31.4,27,1
496,32.7,67,0
513,32.1,66,1
513,32.1,63,1
497,30.5,59,0
497,32.7,23,0
498,32.9,43,0
498,32.8,23,0
499,32.6,69,0
516,25,56,1
499,32.9,30,0
499,26,70,0
500,33.4,23,1
499,33.4,29,0
500,32.5,28,1
501,26,69,1
501,33.4,35,1
501,32.2,47,1
501,25,55,1
502,32.8,41,1
501,32.9,37,1
502,33.4,61,1
502,33.4,51,1
502,32.1,33,1
502,31.4,25,1
502,30.5,57,1
504,31.6,53,1
504,32.9,56,1
520,30.6,29,1
521,32.2,48,1
501,32.7,48,1
505,33.4,22,1
505,30.5,38,1
505,32.7,50,1
522,33.4,46,1
505,32.7,37,1
522,33.4,67,1
506,27,44,1
523,31.9,34,1
506,30.1,58,1
507,32.9,33,1
524,33.3,50,1
524,25,29,1
507,32.6,32,1
508,32.2,39,1
508,30.6,68,1
525,33.4,47,1
525,32.8,25,1
508,33.4,27,1
509,32.1,64,1
509,26,28,1
526,32.8,69,1
526,32.7,21,1
509,32.2,29,1
509,30.1,21,1
509,30.6,65,1
526,30.9,50,1
510,32.1,44,1
528,33.4,63,1
511,26,63,1
528,30.1,24,1
528,32.8,42,1
512,32.7,20,1
512,30.5,23,1
529,32.8,52,1
530,32.1,23,1
513,32.7,41,1
530,30.5,20,1
513,25,40,1
513,31.2,36,1
513,33.4,28,1
514,32.3,69,1
514,25,52,1
514,27,41,1
514,31.3,57,1
513,32.4,61,1
514,32.7,34,1
516,30.5,66,1
516,30.3,61,1
516,32.7,51,1
533,32.3,39,1
517,25,21,1
517,30.2,28,1
517,30.6,54,1
517,30.1,45,1
518,32.7,29,1
518,30.6,65,1
535,32.7,70,1
519,30.5,26,1
519,33.4,60,1
519,30,63,1
519,32.3,57,1
520,31.2,32,1
519,25,20,1
536,25,57,1
536,30.5,46,1
520,32.7,28,1
520,32.1,29,1
520,33.4,56,1
520,25,70,1
521,32.1,40,1
522,27,35,1
522,30.6,55,1
520,31.5,23,1
521,32.6,33,1
522,27,50,1
522,31.6,69,1
522,32.7,24,1
522,32.7,43,1
541,32.1,33,1
541,25,57,1
541,25,44,1
523,30.6,56,1
524,25,58,1
523,32.3,61,1
525,26,67,1
542,32.1,57,1
525,32.2,47,1
543,30.6,48,1
526,30.5,33,1
526,32.1,44,1
526,30.6,33,1
528,30.6,68,1
526,30.6,38,1
528,32.6,50,1
528,32.9,52,1
528,32.7,27,1
528,33.3,65,1
528,32.1,48,1
528,30.6,66,1
545,30.6,25,1
529,30.6,57,1
545,32.3,25,1
529,30.6,50,1
546,32.3,46,1
546,32.1,68,1
545,30.2,60,1
529,31,67,1
546,25,27,1
530,30.1,30,1
531,30.5,37,1
546,32.1,42,1
531,33.4,49,1
531,30.2,69,1
531,30,46,1
532,32.1,25,1
532,32.8,62,1
532,30.6,51,1
532,32.8,67,1
547,30.3,62,1
532,25,54,1
547,30.6,68,1
532,33.4,45,1
547,32.7,23,1
547,30.5,35,1
548,32.8,47,1
533,30.5,27,1
549,32.1,39,1
534,33.4,29,1
549,32.3,32,1
549,32.3,57,1
534,31.9,39,1
550,33.3,39,1
533,30.1,53,1
534,33.4,27,1
534,30.6,30,1
535,25,60,1
552,33.4,34,1
534,30.5,27,1
535,30.6,63,1
535,33.4,52,1
535,30.1,36,1
535,30.6,22,1
535,30.6,37,1
535,32.8,30,1
535,32.7,65,1
536,32.8,67,1
536,33.3,51,1
536,32.9,23,1
553,32.3,25,1
536,33.3,52,1
536,30.3,21,1
536,30.5,38,1
537,32.7,54,1
537,32.8,52,1
537,26,20,1
537,33.4,59,1
538,30.6,49,1
555,33.4,50,1
554,33.4,35,1
537,32.8,25,1
555,32.9,49,1
555,30.3,22,1
537,32.7,41,1
537,30.1,51,1
555,33.3,32,1
537,33.4,66,1
537,30.5,58,1
537,33.4,53,1
537,30.5,34,1
554,32.7,41,1
537,32.8,43,1
537,32.7,57,1
538,32.1,21,1
538,30.5,20,1
537,32.2,30,1
540,30.2,29,1
540,32.2,26,1
538,26,35,1
540,33.4,69,1
540,33.4,61,1
538,30.6,29,1
540,33.3,27,1
540,31.3,70,1
540,30.3,63,1
556,30.3,49,1
541,33.4,26,1
556,30.6,46,1
556,31.9,61,1
556,30,47,1
541,31.8,47,1
556,30.1,25,1
540,32.7,62,1
540,33.3,65,1
541,30.6,25,1
541,30.4,51,1
542,31.8,52,1
557,32.1,46,1
542,30.3,64,1
557,33.4,56,1
542,32.8,50,1
542,32.9,44,1
541,30.5,55,1
556,32.8,27,1
541,33.4,50,1
556,25,44,1
556,30.5,55,1
556,32.8,62,1
556,26,40,1
541,32.8,27,1
540,32.8,42,1
540,30.5,22,1
540,33.4,48,1
540,30.6,53,1
555,30.5,58,1
540,30.6,25,1
540,31.3,26,1
541,30.6,28,1
540,33.4,67,1
540,25,39,1
540,32.9,28,1
541,30.3,32,1
556,32.7,34,1
556,32.1,49,1
556,32.3,40,1
557,27,45,1
541,30.6,51,1
541,25,24,1
541,32.7,42,1
541,32.5,40,1
541,32.2,53,1
556,33.4,51,1
542,30.7,27,1
557,25,29,1
557,26,69,1
557,32.8,50,1
558,30.7,70,1
542,33.4,51,1
557,30.8,40,1
557,30.6,66,1
558,32.7,37,1
557,32.9,65,1
556,32.9,57,1
542,32.2,40,1
558,31.2,66,1
542,32.2,25,1
558,33.3,20,1
557,32.1,43,1
542,33.3,23,1
543,32,51,1
558,25,28,1
558,30.6,39,1
558,30.6,35,1
558,32.8,24,1
542,30.1,58,1
542,31.6,58,1
542,32.7,35,1
542,30.6,43,1
542,32.8,38,1
542,33.4,61,1
542,30.6,49,1
559,30.6,21,1
559,30.1,70,1
542,33.4,63,1
542,32.7,56,1
558,32.7,36,1
558,30.5,64,1
542,25,49,1
541,32.6,60,1
542,30.6,58,1
542,30.6,46,1
558,32.5,46,1
558,30.8,67,1
542,32.4,33,1
542,32.3,70,1
557,30.1,31,1
542,30.6,37,1
542,32.8,43,1
558,32.8,43,1
558,32.8,55,1
543,30.6,67,1
558,31.5,57,1
558,30.2,45,1
542,25,58,1
542,32.2,37,1
557,30.2,30,1
542,30.6,33,1
557,30.6,49,1
542,30.2,51,1
542,32.7,63,1
542,32.1,43,1
557,30.6,69,1
542,30.6,64,1
542,32.5,56,1
542,30.5,26,1
558,32.7,54,1
543,30,33,1
543,32.3,61,1
543,32.8,63,1
543,30.5,61,1
542,32.2,40,1
558,33.4,69,1
559,30.2,70,1
556,32.7,37,1
543,32.8,24,1
543,33.4,26,1
543,30.2,29,1
543,30.6,50,1
559,25,66,1
559,32.4,59,1
543,33.4,57,1
543,30.2,69,1
559,27,36,1
543,32.8,47,1
559,33.4,62,1
543,30.5,34,1
559,30,28,1
542,30.6,57,1
543,31.2,21,1
559,31.3,36,1
543,30.6,64,1
538,31.7,64,1
497,32.8,45,0
486,32.7,36,0
499,31.2,54,0
537,30.3,45,1
465,30.3,56,0
501,32.2,39,1
506,33.4,23,1
502,32.7,61,1
484,32.1,59,0
462,32.8,56,0
526,32.9,55,1
541,32.4,63,1
500,32.9,30,1
465,26,35,0
526,33.2,61,1
480,32.9,49,0
483,30.1,58,0
682,31,34,1
537,32.8,61,1
497,30.6,70,0
507,32.8,29,1
465,32.4,35,0
543,31.5,28,1
473,32.1,70,0
498,30.5,66,0
504,30.1,58,1
470,30.5,37,0
524,27,28,1
482,32.1,22,0
537,30.2,47,1
498,32.8,68,0
556,25,61,1
486,30.2,46,0
466,32.7,29,0
481,30.5,61,0
531,32.7,66,1
526,32.9,62,1
497,33.3,67,0
497,31.1,33,0
481,32.8,56,0
540,30.2,22,1
540,27,57,1
487,31.4,60,0
497,32.7,51,0
490,26,34,0
523,30.5,45,1
465,31.4,65,0
501,27,21,1
526,30.5,35,1
502,32.2,23,1
468,33.4,33,0
481,32.9,28,0
483,32.8,59,0
549,30.3,37,1
558,25,28,1
481,30.6,21,0
481,32.8,20,0
502,33.3,25,1
502,30.3,22,1
557,32.7,63,1
466,30.5,59,0
481,27,58,0
497,33.4,25,0
514,32.2,60,1
542,32.7,28,1
518,32.1,48,1
498,27,33,0
498,32.3,57,0
481,32.6,58,0
498,32.6,44,0
496,33.4,50,0
596,30.1,38,1
480,30.8,69,0
465,30.6,59,0
508,32.3,38,1
498,30.2,28,0
481,27,20,0
522,31.2,58,1
637,33.4,69,1
489,32.5,67,0
465,32.3,68,0
516,32.1,57,1
505,32.1,49,1
541,30.5,27,1
497,30.6,50,0
543,32.7,41,1
481,30.2,56,0
519,32.8,33,1
507,31.7,63,1
466,32.8,69,0
504,33.3,52,1
608,32.9,67,1
497,30.3,58,0
498,25,54,0
542,32.1,35,1
498,33.4,59,0
508,30.5,46,1
542,33.4,45,1
497,32.4,40,0
558,33.4,27,1
511,32.4,47,1
523,25,60,1
476,32.6,29,0
531,32.8,22,1
510,31.5,29,1
528,30,38,1
499,31.2,50,0
497,32.2,51,0
513,26,61,1
470,32.9,43,0
556,33.4,41,1
476,30.6,36,0
499,33.3,29,0
540,30.7,53,1
469,32,57,0
516,33.4,39,1
516,30.6,29,1
509,32.8,31,1
498,32.8,60,0
516,30.5,48,1
500,32.7,54,1
497,30.6,20,0
517,33.4,30,1
465,33.4,60,0
499,32.8,45,0
542,32.7,62,1
513,30.1,33,1
468,30.6,24,0
543,30.6,63,1
538,32.2,26,1
517,30.6,50,1
497,33.2,38,0
498,30.5,52,0
512,32.7,47,1
502,32.8,53,1
532,33.4,31,1
545,32.9,35,1
484,32.2,39,0
508,30.5,64,1
490,32.7,21,0
466,31.8,68,0
542,30.2,44,1
600,30.2,21,1
556,30.6,42,1
498,31.5,23,0
532,32.8,61,1
497,32.2,55,0
484,30.5,54,0
526,32.2,23,1
486,30.3,47,0
559,32.6,50,1
468,33.3,66,0
487,31.4,29,0
499,32.8,32,0
558,30.3,53,1
466,33.3,51,0
486,32.1,56,0
536,32.7,31,1
542,32.8,33,1
495,33.4,57,0
473,31.4,24,0
499,25,36,0
495,32.8,31,0
542,32.8,70,1
509,30.6,59,1
662,30.6,22,1
505,32.7,39,1
521,30.4,65,1
499,32.1,31,0
498,25,42,0
1024,32.1,69,1
524,30.6,60,1
486,32.4,49,0
474,30.6,59,0
495,30.6,21,0
466,33.4,60,0
542,32.7,43,1
481,32.8,37,0
502,30.1,21,1
533,32.7,38,1
498,32.1,54,0
547,30.5,70,1
543,31.2,44,1
1024,31.9,55,1
507,33.3,46,1
487,26,49,0
477,33.4,68,0
502,31.3,51,1
487,30.6,40,0
505,30.2,21,1
541,32.7,57,1
466,32.8,37,0
498,30.5,51,0
495,30.6,48,0
514,33.4,31,1
506,30.2,26,1
501,30.1,66,1
504,30.5,60,1
526,26,64,1
466,32.8,53,0
466,26,54,0
528,30.6,50,1
524,25,57,1
485,32.7,24,0
522,30.1,22,1
481,33.3,46,0
496,32.7,67,0
558,30.5,43,1
497,32.8,38,0
507,30.6,45,1
465,32.2,37,0
476,30.6,61,0
497,32.8,23,0
519,30.6,52,1
485,33.4,35,0
498,32.8,39,0
558,25,66,1
528,26,61,1
535,32.8,30,1
496,33.4,30,0
465,26,28,0
542,30.1,64,1
556,31.7,45,1
504,32.1,25,1
528,33.4,37,1
512,32.7,48,1
498,32.1,31,0
497,31.6,42,0
499,32.1,36,0
528,25,61,1
498,32.7,45,0
470,26,29,0
497,30.6,64,0
494,30.3,50,0
564,32.7,66,1
502,33.4,20,1
542,30.2,59,1
540,33.4,55,1
549,30.4,26,1
561,30.6,42,1
512,32.1,67,1
466,32.1,58,0
484,32.1,70,0
541,30.5,54,1
466,30.6,70,0
507,32.4,22,1
497,32.1,62,0
494,25,25,0
542,25,58,1
499,33.4,57,0
526,31.2,52,1
512,30.6,37,1
501,26,48,1
667,25,39,1
498,32.1,67,0
546,30,22,1
524,30.6,57,1
498,33.4,50,0
535,30.3,40,1
488,32.3,24,0
538,30.3,47,1
481,32.1,69,0
514,32.7,38,1
664,32.8,50,1
558,33.4,28,1
498,30.1,22,0
481,32.8,33,0
528,30.2,53,1
489,32.2,51,0
466,33.3,38,0
465,33.4,55,0
494,32.8,46,0
541,32.1,30,1
509,32.8,30,1
481,33.3,39,0
478,32.6,50,0
481,32.1,24,0
545,30.5,29,1
487,25,24,0
514,32.6,39,1
499,33.4,46,0
530,30.1,60,1
516,33.4,34,1
534,26,47,1
497,33.4,27,0
481,32.4,59,0
528,32.1,34,1
529,30.6,45,1
535,33.4,20,1
556,30.2,46,1
500,33.4,61,1
487,33.3,46,0
542,32.9,63,1
497,32.8,59,0
557,25,42,1
508,26,41,1
466,30.2,52,0
542,30.6,63,1
487,32.1,37,0
497,32.3,30,0
668,31.3,28,1
501,32.1,61,1
542,32.8,69,1
559,33.3,37,1
535,33.4,25,1
499,31.5,29,0
499,30.1,25,0
465,31.7,65,0
498,30.5,65,0
493,30.1,22,0
518,33.4,53,1
518,30.5,57,1
466,30.5,51,0
547,30.5,67,1
558,33.4,41,1
466,32.8,31,0
480,25,28,0
496,33.4,61,0
556,31.3,35,1
483,32.8,42,0
532,32.2,62,1
541,30.1,34,1
500,31.4,30,1
513,26,31,1
505,32.1,70,1
680,32.9,70,1
507,33.4,40,1
489,32.9,22,0
482,26,43,0
559,32.3,49,1
497,32.8,30,0
506,30.6,46,1
507,33.4,25,1
523,32.8,52,1
549,32.8,37,1
537,30.6,36,1
496,32.4,40,0
471,33.4,66,0
490,31.5,54,0
519,26,50,1
469,32.9,55,0
490,31.1,27,0
530,32.8,47,1
501,33.4,37,1
497,32.1,42,0
500,32.8,57,1
557,33.4,53,1
472,33.4,24,0
502,30.1,50,1
482,31.5,21,0
484,25,64,0
558,30.1,23,1
547,32.9,59,1
542,30.6,63,1
540,33.4,48,1
520,32.1,31,1
484,33.4,52,0
497,30.5,30,0
497,32.7,31,0
542,33.3,56,1
542,32.8,24,1
543,33.4,36,1
504,33.4,23,1
497,33.4,26,0
555,32.1,51,1
523,30.6,53,1
490,32.8,27,0
536,30.2,40,1
498,33.4,20,0
498,30,70,0
486,30.5,50,0
519,30.5,63,1
592,32.8,47,1
541,31.7,60,1
487,32.4,26,0
528,33.4,50,1
502,32.8,32,1
541,30.4,31,1
465,32.9,67,0
497,30.6,59,0
500,33.4,21,1
556,33.3,39,1
537,3.4,55,1
466,32.3,61,0
474,32.7,67,0
558,33.4,56,1
536,32.9,21,1
493,32.8,22,0
498,30.1,62,0
667,31.5,38,1
498,32.4,63,0
500,26,43,1
497,30.7,25,0
540,32.4,30,1
490,33.4,52,0
470,32.4,34,0
536,32,45,1
489,33.4,26,0
559,32.1,58,1
497,32.8,53,0
502,30.6,28,1
497,33.4,31,0
523,31.7,20,1
540,30.5,59,1
466,32.6,58,0
496,25,34,0
497,30.5,30,0
481,25,57,0
520,32.9,50,1
465,30.2,44,0
533,32.7,44,1
554,31.4,28,1
469,32.1,59,0
499,32.2,56,0
543,33.4,25,1
516,26,39,1
498,32.7,59,0
483,33.4,63,0
513,32.2,70,1
524,32.2,60,1
469,32.1,25,0
537,32.9,46,1
499,32.6,56,0
489,32.7,37,0
466,32.8,55,0
490,25,60,0
514,25,59,1
482,32.6,50,0
522,26,44,1
484,33.4,65,0
556,30.6,21,1
508,32.8,61,1
540,30.7,30,1
494,33.4,63,0
481,33.4,37,0
486,32.1,28,0
470,33.4,56,0
499,32.6,38,0
482,32.7,30,0
487,32.1,37,0
482,30.6,46,0
559,27,28,1
517,32.7,41,1
497,31.4,38,0
514,30.6,56,1
516,30.5,21,1
513,30.5,67,1
519,30.4,59,1
514,32.9,68,1
505,32.1,32,1
465,30,52,0
542,32.8,49,1
525,32.3,42,1
498,33.4,57,0
522,30.6,53,1
522,31.5,57,1
549,32.7,25,1
513,31.9,35,1
502,32.8,30,1
466,32.9,22,0
494,30.6,52,0
523,33.4,32,1
506,30.5,48,1
482,33.3,51,0
475,33.3,45,0
497,33.3,31,0
476,32.7,22,0
498,25,61,0
516,32.3,28,1
499,32.4,42,0
678,32.5,61,1
499,32.8,65,0
489,30.6,49,0
537,32.7,21,1
501,27,43,1
471,30.5,31,0
521,32.9,38,1
519,25,48,1
497,32.6,43,0
498,33.4,62,0
498,32.2,22,0
513,31.8,22,1
542,33.4,38,1
537,30.5,37,1
556,33.4,30,1
486,32.2,57,0
542,30.6,41,1
497,32.3,21,0
476,32.8,30,0
490,32.7,44,0
542,30.5,65,1
508,30.6,36,1
525,32.1,26,1
497,30.1,59,0
465,30.3,53,0
497,31.4,27,0
507,31.2,36,1
537,33.4,50,1
468,32.6,56,0
466,30.8,29,0
537,32.1,23,1
486,30.1,56,0
541,32.2,46,1
520,32.8,67,1
542,32.1,28,1
500,30.6,62,1
494,30.7,46,0
496,32.1,58,0
535,32.4,60,1
628,30.5,64,1
466,30.1,36,0
532,31.4,46,1
516,32.7,51,1
497,26,21,0
1024,25,67,1
496,26,69,0
466,32.7,58,0
542,30.1,40,1
498,26,48,0
541,30.1,23,1
482,30.5,70,0
474,33.4,23,0
548,32.7,57,1
480,33.4,66,0
507,30.1,41,1
476,30.4,62,0
465,25,25,0
483,33.4,69,0
502,30.5,36,1
465,32.4,66,0
466,33.4,24,0
465,33.4,20,0
546,29,42,1
508,32.6,23,1
508,30.1,20,1
495,30.9,49,0
554,30.1,38,1
1024,27,53,1
498,32.2,23,0
500,25,60,1
470,26,44,0
498,32.1,49,0
636,32.4,43,1
543,30.6,37,1
558,32.4,42,1
595,25,22,1
486,30,62,0
542,30.5,61,1
543,33.4,44,1
465,30.1,65,0
497,32.8,44,0
497,31.2,51,0
535,32.8,51,1
605,33.4,29,1
553,32.7,49,1
498,31,24,0
481,33.4,29,0
532,26,30,1
486,25,64,0
541,32.5,59,1
502,32.8,32,1
555,30.5,34,1
533,33.4,67,1
483,32.9,55,0
524,32.9,56,1
497,30.6,51,0
525,30.1,61,1
498,32.8,52,0
507,32.2,61,1
468,32.7,21,0
556,30.6,66,1
501,32.9,55,1
511,30.5,62,1
465,32.7,40,0
480,30.6,67,0
481,32.4,47,0
498,32.8,50,0
466,30.3,36,0
478,32.7,33,0
496,32.3,48,0
502,32.8,47,1
540,32.8,43,1
482,33.4,58,0
542,32.6,42,1
531,26,57,1
498,31.9,37,0
536,32.9,38,1
584,32.2,58,1
489,32.8,62,0
505,32.8,43,1
524,31.2,66,1
553,32.3,53,1
498,25,25,0
499,32.1,41,0
498,32.2,48,0
473,30.1,70,0
502,30.2,29,1
482,33.4,24,0
535,31.9,51,1
525,25,47,1
523,30.6,38,1
484,32.7,56,0
542,30.6,69,1
523,32.1,35,1
501,30.6,68,1
481,32.1,61,0
556,30.5,35,1
498,33.4,33,0
466,30.5,30,0
468,30.5,39,0
540,25,56,1
531,30.6,20,1
534,30.5,41,1
502,32.3,54,1
482,33.4,46,0
502,26,36,1
477,32.8,65,0
498,33.4,66,0
499,33.4,58,0
498,30.3,47,0
500,33.4,24,1
558,33.3,26,1
542,30.6,62,1
466,30.6,47,0
557,27,21,1
488,32.2,62,0
466,32.7,43,0
466,25,28,0
501,33.2,59,1
481,31.8,33,0
502,33.3,20,1
542,30.5,55,1
535,33.4,41,1
508,31.9,49,1
519,31.3,25,1
512,32.9,53,1
543,32.8,56,1
498,26,21,0
497,32.3,30,0
481,32.3,61,0
498,30.5,30,0
466,32.2,44,0
540,32.4,48,1
559,33.4,39,1
507,30.6,54,1
541,25,20,1
496,32.7,68,0
487,33.4,39,0
486,32.1,41,0
497,30.1,30,0
514,33.4,54,1
482,30.2,66,0
525,30.5,28,1
540,31.5,31,1
541,30.1,47,1
506,25,63,1
498,32.7,27,0
558,33.4,32,1
466,33.4,20,0
513,25,44,1
495,32.8,52,0
580,32.9,56,1
521,26,52,1
487,32.7,54,0
465,33.4,43,0
529,32.8,26,1
536,33.4,36,1
541,33.4,40,1
509,30.6,60,1
508,32.9,68,1
488,32.9,42,0
495,32.7,59,0
494,32.8,39,0
520,26,23,1
535,30.1,53,1
465,32.8,59,0
558,32.2,63,1
483,30.1,35,0
487,30.5,28,0
540,32.7,29,1
485,31.5,55,0
486,26,43,0
480,32.4,68,0
500,30.7,51,1
466,30.1,55,0
499,32.5,52,0
500,33.4,36,1
504,30.3,59,1
498,33.4,63,0
466,32.9,45,0
521,30,32,1
523,30.2,40,1
588,32.1,46,1
502,31.5,34,1
512,32.7,63,1
498,30.3,26,0
486,32.2,36,0
468,30.2,49,0
488,32.5,33,0
507,30.2,39,1
497,32.4,35,0
500,30.5,66,1
507,32.1,62,1
506,32.9,24,1
483,31.9,63,0
494,25,45,0
504,32.8,41,1
637,32.8,66,1
557,30.6,46,1
499,32.1,41,0
1024,26,70,1
484,25,59,0
480,33.4,70,0
486,32.7,66,0
497,30.1,57,0
512,30.6,28,1
504,32.7,54,1
480,30.1,64,0
518,30.6,60,1
481,32.8,68,0
537,30.6,23,1
547,32.2,41,1
489,31.3,70,0
1024,30.5,64,1
488,33.4,47,0
517,32.2,20,1
480,32.9,20,0
508,31.2,28,1
534,32.7,58,1
523,31.5,52,1
488,32.8,39,0
540,25,47,1
522,32.7,22,1
499,30.2,53,0
481,32.2,23,0
526,30.1,55,1
520,32.7,45,1
465,33.4,66,0
514,30.1,27,1
497,30.6,64,0
483,32.6,66,0
492,32.1,44,0
526,32.8,62,1
468,31.3,70,0
487,32.9,48,0
499,32.7,29,0
471,25,60,0
559,33.3,22,1
497,30.5,26,0
494,32.9,55,0
507,32.7,69,1
520,32.8,31,1
488,32.1,68,0
486,30.1,64,0
517,32.9,70,1
505,33.4,64,1
519,32.7,47,1
499,30.8,36,0
465,30.5,35,0
500,33.3,40,1
481,30.6,27,0
542,30.6,57,1
468,30.2,24,0
508,32.8,36,1
517,25,68,1
497,30.5,22,0
556,31.6,24,1
514,32.9,66,1
509,30.1,21,1
489,26,37,0
540,30.6,53,1
497,30.1,50,0
504,26,41,1
558,32.8,37,1
531,32.7,42,1
483,33.4,60,0
508,32.8,50,1
508,31.5,49,1
466,32.8,50,0
499,30,47,0
494,32.1,22,0
494,33.3,33,0
499,33.4,20,0
504,32.3,27,1
498,31.5,21,0
506,27,62,1
487,31.9,29,0
466,32.1,20,0
534,30.5,34,1
542,25,25,1
498,32.7,21,0
555,32.8,58,1
681,31.6,32,1
465,32.9,68,0
529,32.9,54,1
497,32.2,30,0
465,30.6,43,0
541,32.9,37,1
517,30.1,58,1
499,32.7,56,0
513,32.1,43,1
522,31.6,45,1
482,30,22,0
481,33.4,28,0
498,30.6,37,0
482,31.9,23,0
543,32.8,57,1
498,32.7,24,0
502,26,25,1
536,32.1,46,1
541,32.8,35,1
465,32.8,25,0
569,32.4,54,1
482,32.7,63,0
519,32.1,24,1
498,32.8,56,0
484,33,67,0
483,31.5,26,0
484,30.6,59,0
547,32.2,38,1
543,32.9,70,1
507,30.7,29,1
511,32.8,26,1
441,32.7,58,0
465,30.5,28,0
538,30.2,26,1
497,30.5,43,0
507,32.4,25,1
499,32.1,42,0
499,32.1,61,0
497,32.2,37,0
497,25,51,0
666,30.5,68,1
507,33.4,42,1
556,30.1,67,1
542,33.4,56,1
534,32.7,69,1
494,25,55,0
498,33.4,27,0
519,33.4,20,1
488,30.5,29,0
528,32.8,62,1
517,30.3,26,1
504,32.8,50,1
542,25,44,1
466,31.6,32,0
557,30.2,30,1
509,30.6,62,1
482,32.8,20,0
498,31.9,53,0
720,33.4,27,1
466,30.5,28,0
557,32.1,28,1
506,30.1,62,1
522,30.2,49,1
495,32.7,35,0
558,32.8,68,1
497,31,63,0
543,32.7,61,1
498,33.4,61,0
481,32.1,51,0
493,32.4,36,0
502,32.8,51,1
483,32.7,66,0
540,32.2,42,1
556,32.4,48,1
555,30.1,68,1
552,30.5,49,1
498,25,49,0
521,30.1,64,1
495,32.9,41,0
542,32.7,61,1
530,33.3,20,1
498,33.4,64,0
494,32.1,32,0
502,32.1,45,1
501,32.1,22,1
507,31.3,45,1
466,32.7,36,0
502,30.2,32,1
493,30.5,34,0
505,30.6,33,1
497,32.8,60,0
516,33.4,70,1
498,33.3,45,0
494,30.2,41,0
493,33.4,23,0
497,32.2,26,0
537,32.1,37,1
504,25,49,1
465,30,28,0
545,32.1,33,1
658,30.6,49,1
497,33.4,39,0
465,33.4,21,0
535,32.7,70,1
543,30.5,48,1
497,32.8,54,0
498,33.3,54,0
523,32.1,28,1
498,33.3,43,0
543,32.1,46,1
494,25,47,0
466,25,57,0
482,33.4,51,0
546,27,56,1
496,26,62,0
513,32.7,57,1
466,32.2,45,0
555,32.8,47,1
498,30.1,44,0
512,32.3,47,1
498,32.2,48,0
514,32.7,45,1
494,32.8,38,0
495,33.4,58,0
528,33.1,64,1
536,32.8,31,1
516,30.1,47,1
498,33.3,57,0
514,32.8,26,1
567,32.8,49,1
542,32.8,51,1
481,30.5,35,0
496,30.6,60,0
470,30.6,27,0
498,33.4,58,0
571,30.6,34,1
542,32.8,35,1
497,30.2,31,0
508,26,35,1
497,32.8,27,0
674,32.4,45,1
504,33.3,39,1
542,30.6,51,1
516,30.3,63,1
559,32.6,64,1
532,30.5,28,1
481,32.3,40,0
465,32.1,56,0
557,32.9,48,1
509,32.7,49,1
520,33.4,25,1
528,32.1,49,1
484,30.6,57,0
466,32.7,70,0
469,25,51,0
508,26,41,1
507,30.6,49,1
466,31.5,47,0
541,33.4,67,1
497,32.8,57,0
488,33.3,59,0
469,32.8,27,0
504,25,42,1
543,32.4,53,1
482,32.8,68,0
536,33.4,51,1
516,30.2,48,1
508,30.1,35,1
558,32.1,22,1
498,33.2,68,0
488,32.7,59,0
509,31.2,42,1
483,30.2,21,0
511,30.1,54,1
537,30.6,54,1
505,30.2,27,1
483,30.5,39,0
498,30.5,31,0
505,32.4,60,1
495,32.2,30,0
521,33.4,54,1
522,30.6,27,1
497,32.7,48,0
470,32.1,58,0
466,25,70,0
501,33.4,67,1
495,25,43,0
482,30.1,21,0
525,30.5,27,1
496,31.3,28,0
508,32.7,22,1
519,32.8,25,1
501,31.2,34,1
538,26,65,1
513,32.8,54,1
483,32.9,25,0
512,32.2,58,1
495,26,22,0
513,30.6,42,1
499,31.7,50,0
501,33.4,56,1
520,25,25,1
486,32.1,70,0
496,32.1,27,0
669,33.4,34,1
498,32.2,27,0
476,31.9,27,0
466,25,24,0
523,30.2,50,1
500,32.8,50,1
494,33.4,54,0
506,33.4,69,1
500,32.4,30,1
500,32.8,56,1
481,33.4,50,0
497,32.1,21,0
490,32.7,62,0
497,30.6,59,0
550,30.2,59,1
486,32.8,32,0
470,32.1,50,0
483,32.8,32,0
498,32.2,27,0
542,33.4,31,1
516,25,63,1
478,25,60,0
481,32.8,63,0
505,32.4,66,1
526,30.3,69,1
538,32.8,42,1
502,27,35,1
504,32.4,54,1
525,32.1,34,1
484,32.1,30,0
506,32.9,53,1
481,30.1,70,0
497,30.5,54,0
499,30.6,59,0
498,32.7,35,0
543,32.8,62,1
476,31.8,45,0
554,30.5,55,1
499,32.8,38,0
470,32.7,28,0
483,32.8,65,0
523,31.6,40,1
519,33.3,62,1
511,26,49,1
528,32.9,43,1
506,25,41,1
481,32.8,44,0
498,30.6,34,0
540,33.4,54,1
529,32.8,36,1
487,31.3,23,0
557,33.4,64,1
487,32.8,42,0
532,32.8,20,1
466,26,54,0
498,33.4,53,0
487,32.7,29,0
466,32.7,39,0
528,32.8,22,1
490,32.7,55,0
558,33.4,36,1
498,32.1,67,0
557,32.7,50,1
471,31.4,63,0
542,30.6,28,1
656,33.4,58,1
559,30.3,28,1
468,32.6,25,0
492,32.7,34,0
465,27,65,0
554,32.7,42,1
509,26,31,1
482,26,39,0
501,30,21,1
507,33.4,60,1
540,32.7,22,1
485,31.6,55,0
465,32.7,41,0
497,32.8,59,0
498,32.1,63,0
498,32.2,43,0
465,33.3,46,0
470,33.3,29,0
525,25,62,1
543,25,51,1
506,32.8,57,1
542,31.7,42,1
516,30.1,56,1
543,32.5,63,1
466,32.1,29,0
480,32.1,44,0
655,31.2,22,1
497,32.7,56,0
498,33.4,40,0
504,33.4,21,1
493,33.4,56,0
468,33.4,62,0
518,33.4,27,1
541,26,44,1
497,33.4,31,0
557,27,60,1
500,30.5,48,1
505,32.4,25,1
478,32.8,68,0
500,32.7,34,1
481,32.8,42,0
497,32.7,43,0
496,30.5,60,0
556,32.7,20,1
499,25,27,0
497,33.4,30,0
497,30.1,21,0
532,30.5,44,1
496,32.7,44,0
520,32.7,37,1
537,32.8,66,1
506,30.7,61,1
486,32.7,62,0
468,30.3,44,0
471,32.5,57,0
466,30.1,30,0
557,32.8,53,1
525,26,60,1
546,32.7,45,1
661,33.4,65,1
488,25,26,0
534,33.4,55,1
557,32.9,42,1
497,32.1,53,0
514,32.7,59,1
498,30.6,44,0
477,31.6,65,0
485,27,32,0
522,30.6,25,1
537,32.8,39,1
500,30.1,21,1
506,30.6,63,1
557,31.3,36,1
558,30.5,62,1
500,25,25,1
466,32.1,33,0
500,30.6,53,1
550,33.4,59,1
497,30,45,0
540,26,38,1
472,32.3,42,0
511,32.2,34,1
505,32.9,24,1
558,32.8,26,1
536,32.1,54,1
524,30.6,60,1
497,33.4,38,0
535,32.1,63,1
520,33.4,32,1
496,32.2,61,0
543,33.4,25,1
513,32.2,51,1
556,32.4,56,1
542,33.4,27,1
483,33.4,63,0
522,32.7,23,1
501,33.4,70,1
483,30.4,44,0
543,33.4,48,1
480,32.8,67,0
530,33.4,20,1
536,25,21,1
522,33.4,36,1
510,33.4,62,1
466,32.8,52,0
487,33.4,53,0
524,32.1,23,1
526,32.1,41,1
496,32.9,24,0
500,30.7,42,1
466,33.4,45,0
509,30.9,54,1
466,30.6,58,0
1024,32.3,35,1
720,32.8,54,1
637,27,20,1
661,30.5,54,1
674,30.6,38,1
681,32.7,70,1
666,33.4,43,1
668,32.8,42,1
656,30.6,38,1
664,32.1,29,1
667,33.3,37,1
669,32.5,33,1
682,32.7,27,1
680,32.1,29,1
678,32.3,44,1
658,32.9,51,1
667,32.8,50,1
662,25,42,1
655,30.3,33,1
637,32.1,66,1
636,32.7,40,1
628,32.2,29,1
595,32.9,49,1
608,32.8,52,1
605,25,28,1
600,30.5,31,1
596,30.5,62,1
592,30.3,62,1
588,32.8,22,1
584,32.8,67,1
580,32.7,50,1
554,30.1,34,1
571,30.6,69,1
569,32.1,43,1
567,31.3,39,1
564,32.1,58,1
561,32.8,51,1
558,25,66,1
535,25,28,1
554,32.8,51,1
553,32.2,31,1
550,33.4,49,1
549,32.2,46,1
547,32.7,30,1
523,30.1,40,1
523,31.3,62,1
543,27,28,1
543,31.5,44,1
542,30,31,1
526,33.2,34,1
543,33.4,48,1
542,30.6,49,1
542,32.1,64,1
540,26,64,1
523,32.9,37,1
538,32.9,58,1
522,25,27,1
536,25,22,1
536,32.4,39,1
537,33.3,51,1
536,33.4,22,1
532,25,64,1
514,32.1,32,1
513,32.7,25,1
528,30.3,57,1
535,31.2,33,1
534,33.3,56,1
517,30.1,33,1
516,30.6,54,1
532,30.1,29,1
531,32.3,59,1
512,30.6,60,1
528,30.6,55,1
526,32.1,33,1
525,33.4,35,1
530,30.5,26,1
528,25,31,1
526,33.3,38,1
525,25,43,1
524,32.6,30,1
523,30.2,57,1
523,32.7,64,1
524,30.6,62,1
525,26,56,1
525,27,69,1
508,33.1,45,1
523,31.3,25,1
524,30.7,60,1
523,31.2,36,1
526,32.7,33,1
525,31.9,63,1
522,32.3,56,1
522,32.7,50,1
520,30.6,51,1
519,30.5,37,1
519,32.3,37,1
524,30.5,55,1
523,32.8,27,1
523,30.5,69,1
521,31,35,1
519,32.5,69,1
519,33.4,67,1
519,32.3,55,1
523,30.5,64,1
485,30.6,60,0
524,32.8,67,1
524,27,47,1
522,32.7,27,1
520,32.1,37,1
488,32.7,64,0
441,32.7,28,0
493,32.8,55,0
504,30.3,20,1
490,33.3,21,0
489,32.7,37,0
507,32.7,53,1
507,32.6,47,1
490,25,53,0
506,30.6,24,1
506,30.5,35,1
488,26,68,0
505,30.2,57,1
505,32.7,64,1
488,30.6,70,0
488,25,69,0
504,32.8,28,1
504,25,63,1
504,32.8,56,1
504,32.2,55,1
504,33,28,1
502,25,45,1
502,32.7,49,1
502,32.7,32,1
486,33.3,38,0
502,30.6,34,1
502,30.1,21,1
501,30.4,55,1
501,32.8,60,1
502,32.8,37,1
501,32.3,29,1
500,33.3,53,1
500,30.6,21,1
500,30,52,1
499,33.3,57,0
499,30.5,20,0
483,32.7,22,0
499,32.7,69,0
498,33.4,70,0
498,32.7,64,0
498,32.1,51,0
498,30.1,70,0
498,30.4,31,0
482,25,49,0
498,32.1,64,0
498,30.6,68,0
498,32.4,27,0
497,26,67,0
481,30.2,50,0
497,33.3,52,0
497,32.8,60,0
497,32.9,41,0
480,30.6,50,0
497,32.2,33,0
496,30.5,28,0
497,32.7,30,0
496,32.6,65,0
480,26,36,0
499,33.4,34,0
498,33.4,54,0
480,26,20,0
481,30.6,28,0
481,31.5,23,0
499,31.8,52,0
499,30.3,21,0
499,33.4,25,0
499,32.8,42,0
499,32.8,28,0
500,32.8,61,1
500,32.7,57,1
483,31.9,55,0
500,32.7,47,1
500,33.2,32,1
483,32.2,51,0
497,32.2,64,0
498,26,64,0
478,32.5,67,0
500,30.1,61,1
483,32.8,69,0
500,33.4,70,1
500,30.5,27,1
500,25,40,1
500,32.1,45,1
483,32.1,53,0
501,32.4,42,1
500,30.5,45,1
500,32.1,32,1
483,32.8,37,0
500,27,57,1
500,32.9,63,1
501,33.4,47,1
476,33.4,22,0
476,30.4,49,0
476,33.3,41,0
477,31.3,59,0
499,26,35,0
499,33.4,24,0
499,30.1,54,0
502,30.6,59,1
502,26,39,1
502,32.8,60,1
486,33.4,44,0
502,25,69,1
502,32.1,21,1
502,32.8,41,1
502,32.7,34,1
502,32.9,26,1
486,32.5,42,0
502,31.7,57,1
486,32.8,69,0
504,32.1,48,1
502,25,49,1
486,27,22,0
502,32.7,62,1
502,33.4,44,1
502,33.4,34,1
504,25,26,1
504,30.5,42,1
504,31.6,57,1
504,33.4,49,1
504,32.8,33,1
505,30.6,29,1
487,32.8,57,0
505,30.6,62,1
504,32.6,39,1
487,32.8,38,0
505,32.2,33,1
505,33.4,22,1
505,32.3,40,1
505,26,64,1
506,32.8,56,1
506,33.3,50,1
506,32.9,29,1
506,31.9,41,1
506,32.8,34,1
505,32.8,31,1
506,32.1,69,1
506,32.8,23,1
489,30.2,70,0
507,30.6,47,1
506,32.8,68,1
507,32.6,35,1
507,32.6,27,1
506,33.4,45,1
489,30,50,0
507,30.4,45,1
506,30.5,56,1
507,31.5,46,1
507,30.6,60,1
507,32.8,59,1
507,30.1,36,1
507,32.8,46,1
490,30.6,51,0
490,32.1,56,0
490,30.6,68,0
507,30.1,53,1
508,32.7,49,1
507,32.9,42,1
507,27,45,1
507,32.8,61,1
508,31.4,28,1
508,33.4,29,1
508,26,34,1
508,33.4,47,1
507,33.4,25,1
507,33.4,55,1
507,33.4,40,1
508,32.1,36,1
508,32.2,61,1
508,30.5,42,1
490,32.4,42,0
508,32.7,40,1
508,30,45,1
508,32.2,32,1
508,30.5,50,1
508,33.4,26,1
509,33.4,34,1
509,32.1,58,1
509,32.8,34,1
495,31.4,54,0
494,32.8,45,0
509,30.3,63,1
509,32.4,36,1
494,26,36,0
494,25,57,0
494,26,41,0
495,30.1,22,0
495,30.7,64,0
495,32.1,58,0
495,32.7,39,0
511,30.9,38,1
510,32.1,50,1
511,32.4,33,1
511,30.1,67,1
511,30.6,28,1
512,30.9,67,1
512,30.1,32,1
512,32.2,21,1
512,32.9,31,1
512,30,47,1
513,33.4,42,1
513,30.6,58,1
513,30.6,23,1
514,33.4,38,1
513,32.1,24,1
514,32.4,58,1
514,30.6,43,1
514,32.8,23,1
498,32.4,49,0
497,32.1,53,0
498,32.9,31,0
514,33.4,28,1
498,32.3,36,0
514,32.4,51,1
514,32.1,40,1
498,32.7,58,0
516,32.7,48,1
516,32.9,28,1
499,30.6,26,0
516,25,64,1
516,32.1,48,1
516,33.4,24,1
516,33.4,24,1
516,32.1,29,1
516,32.3,52,1
516,32.7,24,1
516,30.1,56,1
500,31.5,35,1
517,31.9,23,1
500,31.6,44,1
500,30.2,69,1
500,26,34,1
517,30.5,62,1
517,32.8,52,1
500,32.5,32,1
501,32.8,47,1
501,30.6,48,1
501,25,44,1
501,32.7,53,1
501,32.1,31,1
519,32.1,47,1
518,30.6,70,1
518,33.4,49,1
518,30.8,36,1
519,32.7,61,1
504,30.5,69,1
520,30.5,41,1
521,32.8,49,1
521,32.7,32,1
499,31.6,58,0
492,32.7,30,0
492,32.7,49,0
508,25,30,1
493,32.1,37,0
494,25,44,0
494,30.2,54,0
511,32.1,53,1
496,30.5,45,0
512,32.6,25,1
496,25,46,0
497,32.1,24,0
513,32.7,23,1
496,33.4,55,0
513,32.9,28,1
513,32.8,24,1
497,32.7,51,0
497,32.7,64,0
498,30.5,29,0
498,32.1,66,0
499,26,70,0
516,32.8,42,1
499,30.6,62,0
499,32.7,44,0
500,32.4,44,1
499,30,32,0
500,31.2,44,1
501,32.7,68,1
501,27,32,1
501,32.8,48,1
501,30,49,1
502,32.9,48,1
501,30.7,53,1
502,32.2,61,1
502,32.8,61,1
502,32.1,61,1
502,32.9,57,1
502,33.4,29,1
504,33.4,57,1
504,30.2,63,1
520,32.9,66,1
521,33.4,41,1
501,25,46,1
505,30.3,70,1
505,27,63,1
505,25,64,1
522,30,62,1
505,30.3,46,1
522,33.4,21,1
506,26,45,1
523,32.8,70,1
506,30,38,1
507,32.1,55,1
524,33.3,25,1
524,30.6,48,1
507,30.6,50,1
508,32.8,69,1
508,25,35,1
525,25,63,1
525,30.7,42,1
508,25,39,1
509,32.8,54,1
509,30.1,40,1
526,30.6,51,1
526,33.3,27,1
509,32.7,52,1
509,30.1,45,1
509,32.9,60,1
526,25,43,1
510,32.2,40,1
528,26,33,1
511,30.6,22,1
528,32.7,56,1
528,32.1,34,1
512,33.3,26,1
512,31.3,33,1
529,32.7,42,1
530,30.3,69,1
513,32.1,51,1
530,33.4,48,1
513,32.3,38,1
513,33.4,27,1
513,33.4,49,1
514,30.6,53,1
514,31.4,64,1
514,32.8,52,1
514,30.1,46,1
513,26,23,1
514,32.8,53,1
516,33.4,68,1
516,32.7,33,1
516,31.3,24,1
533,30.1,29,1
517,32.7,32,1
517,25,53,1
517,30.5,41,1
517,30.2,25,1
518,32.3,54,1
518,26,35,1
535,32.8,66,1
519,30.2,44,1
519,33.4,33,1
519,32.3,65,1
519,31.6,60,1
520,25,25,1
519,33.1,44,1
536,32.4,30,1
536,30.6,69,1
520,32.9,60,1
520,30.6,44,1
520,32.6,29,1
520,32.3,21,1
521,32.9,26,1
522,25,33,1
522,32.8,20,1
520,32.2,36,1
521,32.8,70,1
545,30.3,22,1
529,30.3,50,1
545,33.3,62,1
529,30.3,42,1
546,32.8,57,1
546,32.9,30,1
545,30.6,30,1
529,30.1,49,1
546,26,26,1
530,32.1,21,1
531,25,65,1
546,32.5,64,1
531,30.6,35,1
531,32.1,55,1
531,32.7,56,1
532,30.6,22,1
532,30.6,44,1
532,30.4,70,1
532,33.3,49,1
547,32.1,34,1
532,32.2,51,1
547,31.5,36,1
532,33.4,50,1
547,32.7,57,1
547,30.6,25,1
548,32.7,29,1
533,26,65,1
549,32.7,47,1
534,32.9,34,1
549,31.6,29,1
549,25,54,1
534,33.3,45,1
550,32.2,63,1
533,32.1,43,1
534,31.3,58,1
534,31.5,35,1
535,30.5,27,1
552,32.7,69,1
534,33.4,58,1
535,33.4,38,1
535,30.6,20,1
535,30.5,39,1
535,33.4,22,1
535,25,61,1
535,33.4,48,1
535,30,55,1
536,30,41,1
536,30.3,26,1
536,32.9,28,1
553,31.3,23,1
536,33.4,40,1
536,32.8,38,1
536,25,51,1
537,30.5,46,1
537,33.3,58,1
537,32.7,44,1
537,31.5,44,1
538,25,31,1
555,33.4,53,1
554,32.4,28,1
537,33.4,69,1
555,30.6,49,1
555,31.5,51,1
537,32.8,37,1
537,27,33,1
555,32.3,23,1
537,32.4,27,1
537,32.2,20,1
537,30.2,54,1
537,33.4,63,1
554,32.1,26,1
537,30.5,39,1
537,32.1,29,1
538,33.4,25,1
538,31.6,60,1
537,32.7,35,1
540,32.3,37,1
540,30.1,65,1
538,30.5,36,1
540,30.5,22,1
540,32.1,47,1
538,32.8,47,1
540,30.1,23,1
540,33.4,69,1
540,30.4,39,1
556,32.4,20,1
541,26,43,1
556,30.1,20,1
556,30.6,31,1
556,32.7,50,1
541,32.8,34,1
556,32.8,61,1
540,30.1,34,1
540,33.4,50,1
541,25,42,1
541,30.5,23,1
542,32.7,45,1
557,32.7,49,1
542,32.7,31,1
557,33.3,70,1
542,26,48,1
542,31.3,29,1
541,33.4,49,1
556,30.5,64,1
541,31.5,61,1
556,30.6,40,1
556,33.4,43,1
556,30.2,22,1
556,32.1,22,1
541,33.4,53,1
540,30.6,52,1
540,30.6,37,1
540,30.6,46,1
540,30.1,47,1
555,32.7,53,1
540,32.7,57,1
540,25,22,1
541,25,28,1
540,26,34,1
540,30.6,24,1
540,33.4,57,1
541,31.3,60,1
556,33.3,69,1
556,30,63,1
556,30.5,36,1
557,26,63,1
541,32.7,22,1
541,33.4,30,1
541,30.5,35,1
541,30.6,27,1
541,32.7,25,1
556,30.7,44,1
542,33.4,31,1
557,32.9,60,1
557,30,63,1
557,32.7,28,1
558,32.5,57,1
542,30.1,30,1
557,30.1,24,1
557,31,58,1
558,27,31,1
557,32.8,61,1
556,32.7,69,1
542,32.5,66,1
558,30.9,23,1
542,31.9,58,1
558,32.2,68,1
557,32.9,55,1
542,33.4,59,1
543,30.5,44,1
558,25,42,1
558,30.6,66,1
558,25,30,1
558,33.4,61,1
542,32.9,69,1
542,33.4,48,1
542,30.6,25,1
542,32.7,67,1
542,32.2,50,1
542,33.4,35,1
542,32.2,50,1
559,25,26,1
559,30.1,39,1
542,30.2,43,1
542,32.7,33,1
558,32.7,54,1
558,32.1,22,1
542,30.6,60,1
541,32.1,64,1
542,30.2,69,1
542,32.7,55,1
558,30.2,20,1
558,27,38,1
542,33.3,49,1
542,32.1,56,1
557,33.4,41,1
542,25,59,1
542,30.1,48,1
558,30.5,52,1
558,33.4,38,1
543,33.4,63,1
558,30.5,38,1
558,31.5,44,1
542,32.1,38,1
542,32.2,48,1
557,30.1,45,1
542,33.4,38,1
557,32.1,29,1
542,33.4,36,1
542,32.7,57,1
542,33.4,61,1
557,30.4,52,1
542,31.1,62,1
542,25,61,1
542,26,36,1
558,32.1,62,1
543,25,65,1
543,30.1,35,1
543,32.7,61,1
543,30.6,67,1
542,33.4,70,1
558,30.5,61,1
559,30.1,49,1
556,32.3,24,1
543,25,39,1
543,30.6,63,1
543,31.9,51,1
543,32.6,46,1
559,30.1,22,1
559,27,47,1
543,32.8,45,1
543,3.4,56,1
559,26,60,1
543,30.6,42,1
559,32.2,48,1
543,33.4,55,1
559,31.3,32,1
542,32.1,57,1
543,30.3,64,1
559,30.1,49,1
543,30.2,27,1
496,26,22,0
669,32.9,27,1
498,32.4,67,0
476,25,42,0
466,25,34,0
523,33.4,49,1
500,33.4,42,1
494,30.6,62,0
506,31.6,52,1
500,25,43,1
500,32.7,53,1
481,30.3,30,0
497,33.4,20,0
490,33.4,63,0
497,32.1,54,0
550,32.2,51,1
486,33.4,60,0
470,30.6,60,0
483,32.4,66,0
498,30.6,22,0
542,30.5,67,1
516,30.4,44,1
478,30.7,61,0
481,30.5,43,0
505,31.6,28,1
526,30.4,26,1
538,30.5,62,1
502,30.5,25,1
504,30.8,67,1
525,30.5,51,1
484,30.4,65,0
506,30.8,31,1
481,30.4,34,0
497,30.6,22,0
499,30.8,50,0
498,30.6,22,0
543,30.2,51,1
476,30.4,65,0
554,31.2,53,1
499,30.4,40,0
470,30.4,66,0
483,30.5,33,0
523,30.8,30,1
519,30.8,70,1
511,31.5,26,1
528,30.5,27,1
506,30.6,36,1
481,30.7,25,0
498,30.6,45,0
540,30.6,35,1
529,30.6,27,1
487,30.8,21,0
557,30.7,46,1
487,31.5,53,0
532,30.7,58,1
466,30.4,68,0
498,30.4,28,0
487,30.6,21,0
466,30.4,53,0
528,30.4,44,1
490,30.4,65,0
558,30.6,70,1
498,30.3,39,0
557,30.6,59,1
471,30.7,34,0
542,30.8,26,1
656,30.4,36,1
559,30.5,34,1
468,30.4,60,0
492,30.4,33,0
465,30.8,60,0
554,31,25,1
